# word	pos	level	hint	idx	— список Oxford 3000/5000, собирается npm run import:oxford
a	indefinite article	A1		
about	prep., adv.	A1		
above	prep., adv.	A1		
across	prep., adv.	A1		
action	n.	A1		
activity	n.	A1		
actor	n.	A1		
actress	n.	A1		
add	v.	A1		
address	n.	A1		
adult	n.	A1		
advice	n.	A1		
afraid	adj.	A1		
after	prep.	A1		
afternoon	n.	A1		
age	n.	A1		
ago	adv.	A1		
agree	v.	A1		
air	n.	A1		
airport	n.	A1		
all	det., pron.	A1		
also	adv.	A1		
always	adv.	A1		
amazing	adj.	A1		
an	indefinite article	A1		
and	conj.	A1		
angry	adj.	A1		
animal	n.	A1		
another	det./pron.	A1		
answer	n., v.	A1		
any	det., pron.	A1		
anyone	pron.	A1		
anything	pron.	A1		
apartment	n.	A1		
apple	n.	A1		
April	n.	A1		
area	n.	A1		
arm	n.	A1		
around	prep., adv.	A1		
arrive	v.	A1		
art	n.	A1		
article	n.	A1		
artist	n.	A1		
as	prep.	A1		
ask	v.	A1		
at	prep.	A1		
August	n.	A1		
aunt	n.	A1		
away	adv.	A1		
awesome	adj.	A1		
baby	n.	A1		
back	n., adv.	A1		
bad	adj.	A1		
bag	n.	A1		
ball	n.	A1		
banana	n.	A1		
band	n.	A1		
bank	n.	A1	money	
bar	n.	A1		
baseball	n.	A1		
basketball	n.	A1		
bath	n.	A1		
bathroom	n.	A1		
be	v., auxiliary v.	A1		
beach	n.	A1		
beautiful	adj.	A1		
because	conj.	A1		
become	v.	A1		
bed	n.	A1		
bedroom	n.	A1		
beer	n.	A1		
before	prep.	A1		
begin	v.	A1		
beginning	n.	A1		
behind	prep., adv.	A1		
believe	v.	A1		
below	adv., prep.	A1		
best	adj.	A1		
better	adj.	A1		
between	prep.	A1		
bicycle	n.	A1		
big	adj.	A1		
bike	n.	A1		
bill	n.	A1		
bird	n.	A1		
birthday	n.	A1		
black	adj., n.	A1		
blog	n.	A1		
blond	adj.	A1		
blue	adj., n.	A1		
boat	n.	A1		
body	n.	A1		
book	n.	A1		
boot	n.	A1		
bored	adj.	A1		
boring	adj.	A1		
born	v.	A1		
both	det./pron.	A1		
bottle	n.	A1		
box	n.	A1		
boy	n.	A1		
boyfriend	n.	A1		
bread	n.	A1		
break	v., n.	A1		
breakfast	n.	A1		
bring	v.	A1		
brother	n.	A1		
brown	adj., n.	A1		
building	n.	A1		
bus	n.	A1		
business	n.	A1		
busy	adj.	A1		
but	conj.	A1		
butter	n.	A1		
buy	v.	A1		
by	prep.	A1		
bye	exclam.	A1		
cafe	n.	A1		
cake	n.	A1		
call	v., n.	A1		
camera	n.	A1		
can	modal v.	A1		1
cannot	modal v.	A1		
capital	n., adj.	A1		
car	n.	A1		
card	n.	A1		
career	n.	A1		
carrot	n.	A1		
carry	v.	A1		
cat	n.	A1		
CD	n.	A1		
cent	n.	A1		
center	n.	A1		
chair	n.	A1		
change	v., n.	A1		
chart	n.	A1		
cheap	adj.	A1		
check	v.	A1		
cheese	n.	A1		
chicken	n.	A1		
child	n.	A1		
chocolate	n.	A1		
choose	v.	A1		
city	n.	A1		
class	n.	A1		
classroom	n.	A1		
clean	adj., v.	A1		
climb	v.	A1		
clock	n.	A1		
close	v.	A1		1
clothes	n.	A1		
club	n.	A1		
coat	n.	A1		
coffee	n.	A1		
cold	adj., n.	A1		
college	n.	A1		
color	n.	A1		
come	v.	A1		
common	adj.	A1		
company	n.	A1		
compare	v.	A1		
complete	adj., v.	A1		
computer	n.	A1		
concert	n.	A1		
conversation	n.	A1		
cook	v.	A1		
cooking	n.	A1		
cool	adj.	A1		
correct	adj., v.	A1		
cost	n., v.	A1		
could	modal v.	A1		
country	n.	A1		
course	n.	A1		
cousin	n.	A1		
cow	n.	A1		
cream	n.	A1		
create	v.	A1		
culture	n.	A1		
cup	n.	A1		
customer	n.	A1		
cut	v.	A1		
dad	n.	A1		
dance	n., v.	A1		
dancer	n.	A1		
dancing	n.	A1		
dangerous	adj.	A1		
dark	adj.	A1		
date	n.	A1		
daughter	n.	A1		
day	n.	A1		
dear	adj.	A1		
December	n.	A1		
decide	v.	A1		
delicious	adj.	A1		
describe	v.	A1		
description	n.	A1		
design	n., v.	A1		
desk	n.	A1		
detail	n.	A1		
dialogue	n.	A1		
dictionary	n.	A1		
die	v.	A1		
diet	n.	A1		
difference	n.	A1		
different	adj.	A1		
difficult	adj.	A1		
dinner	n.	A1		
dirty	adj.	A1		
discuss	v.	A1		
dish	n.	A1		
do	v., auxiliary v.	A1		1
doctor	n.	A1		
dog	n.	A1		
dollar	n.	A1		
door	n.	A1		
down	adv., prep.	A1		
downstairs	adv.	A1		
draw	v.	A1		
dress	n., v.	A1		
drink	n., v.	A1		
drive	v.	A1		
driver	n.	A1		
during	prep.	A1		
DVD	n.	A1		
each	det./pron./adv.	A1		
ear	n.	A1		
early	adj., adv.	A1		
east	n., adj., adv.	A1		
easy	adj.	A1		
eat	v.	A1		
egg	n.	A1		
eight	number	A1		
eighteen	number	A1		
eighty	number	A1		
elephant	n.	A1		
eleven	number	A1		
else	adv.	A1		
email	n., v.	A1		
end	n., v.	A1		
enjoy	v.	A1		
enough	det., pron., adv.	A1		
euro	n.	A1		
even	adv.	A1		
evening	n.	A1		
event	n.	A1		
ever	adv.	A1		
every	det.	A1		
everybody	pron.	A1		
everyone	pron.	A1		
everything	pron.	A1		
exam	n.	A1		
example	n.	A1		
excited	adj.	A1		
exciting	adj.	A1		
exercise	n., v.	A1		
expensive	adj.	A1		
explain	v.	A1		
extra	adj.	A1		
eye	n.	A1		
face	n.	A1		
fact	n.	A1		
fall	v., n.	A1		
false	adj.	A1		
family	n., adj.	A1		
famous	adj.	A1		
fantastic	adj.	A1		
far	adv.	A1		
farm	n.	A1		
farmer	n.	A1		
fast	adj., adv.	A1		
fat	adj.	A1		
father	n.	A1		
favorite	adj., n.	A1		
February	n.	A1		
feel	v.	A1		
feeling	n.	A1		
festival	n.	A1		
few	det./adj., pron.	A1		
fifteen	number	A1		
fifth	number	A1		
fifty	number	A1		
fill	v.	A1		
final	adj.	A1		
find	v.	A1		
fine	adj.	A1		
finish	v.	A1		
fire	n.	A1		
first	det./number, adv.	A1		
fish	n.	A1		
five	number	A1		
flight	n.	A1		
floor	n.	A1		
flower	n.	A1		
fly	v.	A1		
follow	v.	A1		
food	n.	A1		
foot	n.	A1		
football	n.	A1		
for	prep.	A1		
forget	v.	A1		
form	n., v.	A1		
forty	number	A1		
four	number	A1		
fourteen	number	A1		
fourth	number	A1		
free	adj.	A1		
Friday	n.	A1		
friend	n.	A1		
friendly	adj.	A1		
from	prep.	A1		
front	n., adj.	A1		
fruit	n.	A1		
full	adj.	A1		
fun	n.	A1		
funny	adj.	A1		
future	n.	A1		
game	n.	A1		
garden	n.	A1		
geography	n.	A1		
get	v.	A1		
girl	n.	A1		
girlfriend	n.	A1		
give	v.	A1		
glass	n.	A1		
go	v.	A1		
good	adj.	A1		
goodbye	exclam./n.	A1		
grandfather	n.	A1		
grandmother	n.	A1		
grandparent	n.	A1		
gray	adj., n.	A1		
great	adj.	A1		
green	adj., n.	A1		
group	n.	A1		
grow	v.	A1		
guess	v., n.	A1		
guitar	n.	A1		
gym	n.	A1		
hair	n.	A1		
half	n., det./pron.	A1		
hand	n.	A1		
happen	v.	A1		
happy	adj.	A1		
hard	adj., adv.	A1		
hat	n.	A1		
hate	v.	A1		
have	v.	A1		
have to	modal v.	A1		
he	pron.	A1		
head	n.	A1		
health	n.	A1		
healthy	adj.	A1		
hear	v.	A1		
hello	exclam./n.	A1		
help	v., n.	A1		
her	pron., det.	A1		
here	adv.	A1		
hey	exclam.	A1		
hi	exclam.	A1		
high	adj.	A1		
him	pron.	A1		
his	det.	A1		
history	n.	A1		
hobby	n.	A1		
home	n., adv.	A1		
homework	n.	A1		
hope	v.	A1		
horse	n.	A1		
hospital	n.	A1		
hot	adj.	A1		
hotel	n.	A1		
hour	n.	A1		
house	n.	A1		
how	adv.	A1		
however	adv.	A1		
hundred	number	A1		
hungry	adj.	A1		
husband	n.	A1		
I	pron.	A1		
ice	n.	A1		
ice cream	n.	A1		
idea	n.	A1		
if	conj.	A1		
imagine	v.	A1		
important	adj.	A1		
improve	v.	A1		
in	prep., adv.	A1		
include	v.	A1		
information	n.	A1		
interest	n., v.	A1		
interested	adj.	A1		
interesting	adj.	A1		
internet	n.	A1		
interview	n., v.	A1		
into	prep.	A1		
introduce	v.	A1		
island	n.	A1		
it	pron.	A1		
its	det.	A1		
jacket	n.	A1		
January	n.	A1		
jeans	n.	A1		
job	n.	A1		
join	v.	A1		
juice	n.	A1		
July	n.	A1		
June	n.	A1		
just	adv.	A1		
keep	v.	A1		
key	n., adj.	A1		
kind	n.	A1	type	
kitchen	n.	A1		
know	v.	A1		
land	n.	A1		
language	n.	A1		
large	adj.	A1		
last	det.	A1	final	1
late	adj., adv.	A1		
later	adv.	A1		
laugh	v., n.	A1		
learn	v.	A1		
leave	v.	A1		
left	adj., adv., n.	A1		
leg	n.	A1		
lesson	n.	A1		
let	v.	A1		
letter	n.	A1		
library	n.	A1		
lie	v.	A1		1
life	n.	A1		
light	n., adj.	A1	from the sun/a lamp	
like	prep.	A1	similar	
like	v.	A1	find sb/sth pleasant	
line	n.	A1		
lion	n.	A1		
list	n., v.	A1		
listen	v.	A1		
little	adj., det./pron.	A1		
live	v.	A1		1
local	adj.	A1		
long	adj., adv.	A1		1
look	v.	A1		
lose	v.	A1		
lot	pron., det., adv.	A1		
love	n., v.	A1		
lunch	n.	A1		
machine	n.	A1		
magazine	n.	A1		
main	adj.	A1		
make	v.	A1		
mall	n.	A1		
man	n.	A1		
many	det./pron.	A1		
map	n.	A1		
March	n.	A1		
market	n.	A1		
married	adj.	A1		
match	n., v.	A1	contest/correspond	
May	n.	A1		
maybe	adv.	A1		
me	pron.	A1		
meal	n.	A1		
mean	v.	A1		
meaning	n.	A1		
meat	n.	A1		
meet	v.	A1		
meeting	n.	A1		
member	n.	A1		
menu	n.	A1		
message	n.	A1		
meter	n.	A1		
midnight	n.	A1		
mile	n.	A1		
milk	n.	A1		
million	number	A1		
minute	n.	A1		1
miss	v.	A1		
mistake	n.	A1		
model	n.	A1		
modern	adj.	A1		
mom	n.	A1		
moment	n.	A1		
Monday	n.	A1		
money	n.	A1		
month	n.	A1		
more	det./pron., adv.	A1		
morning	n.	A1		
most	det./pron., adv.	A1		
mother	n.	A1		
mountain	n.	A1		
mouse	n.	A1		
mouth	n.	A1		
move	v.	A1		
movie	n.	A1		
much	det./pron., adv.	A1		
museum	n.	A1		
music	n.	A1		
must	modal v.	A1		
my	det.	A1		
name	n., v.	A1		
natural	adj.	A1		
near	prep., adj., adv.	A1		
need	v.	A1		
negative	adj.	A1		
neighbor	n.	A1		
neighborhood	n.	A1		
never	adv.	A1		
new	adj.	A1		
news	n.	A1		
newspaper	n.	A1		
next	adj., adv.	A1		
next to	prep.	A1		
nice	adj.	A1		
night	n.	A1		
nine	number	A1		
nineteen	number	A1		
ninety	number	A1		
no	exclam., det.	A1		
no one	pron.	A1		
nobody	pron.	A1		
north	n., adj., adv.	A1		
nose	n.	A1		
not	adv.	A1		
note	n.	A1		
nothing	pron.	A1		
November	n.	A1		
now	adv.	A1		
number	n.	A1		
nurse	n.	A1		
o'clock	adv.	A1		
object	n.	A1		
ocean	n.	A1		
October	n.	A1		
of	prep.	A1		
off	adv., prep.	A1		
office	n.	A1		
often	adv.	A1		
oh	exclam.	A1		
OK	exclam., adj./adv.	A1		
old	adj.	A1		
on	prep., adv.	A1		
once	adv.	A1		
one	number/det., pron.	A1		
onion	n.	A1		
online	adj., adv.	A1		
only	adj., adv.	A1		
open	adj., v.	A1		
opinion	n.	A1		
opposite	adj., n., prep., adv.	A1		
or	conj.	A1		
orange	n., adj.	A1		
order	n., v.	A1		
other	adj./pron.	A1		
our	det.	A1		
out	adv./prep.	A1		
outside	adv.	A1		
over	prep., adv.	A1		
own	adj./pron.	A1		
page	n.	A1		
paint	v., n.	A1		
painting	n.	A1		
pair	n.	A1		
pants	n.	A1		
paper	n.	A1		
paragraph	n.	A1		
parent	n.	A1		
park	n., v.	A1		
part	n.	A1		
partner	n.	A1		
party	n.	A1		
passport	n.	A1		
past	adj., n., prep.	A1		
pay	v.	A1		
pen	n.	A1		
pencil	n.	A1		
people	n.	A1		
pepper	n.	A1		
perfect	adj.	A1		
period	n.	A1		
person	n.	A1		
personal	adj.	A1		
phone	n., v.	A1		
photo	n.	A1		
photograph	n.	A1		
phrase	n.	A1		
piano	n.	A1		
picture	n.	A1		
piece	n.	A1		
pig	n.	A1		
pink	adj., n.	A1		
place	n.	A1		
plan	n., v.	A1		
plane	n.	A1		
plant	n.	A1		
play	v., n.	A1		
player	n.	A1		
please	exclam.	A1		
point	n.	A1		
police	n.	A1		
policeman	n.	A1		
pool	n.	A1		
poor	adj.	A1		
popular	adj.	A1		
positive	adj.	A1		
possible	adj.	A1		
post	n., v.	A1		
potato	n.	A1		
pound	n.	A1		
practice	n., v.	A1		
prefer	v.	A1		
prepare	v.	A1		
present	adj., n.	A1		
pretty	adj., adv.	A1		
price	n.	A1		
probably	adv.	A1		
problem	n.	A1		
product	n.	A1		
program	n.	A1		
project	n.	A1		
purple	adj., n.	A1		
put	v.	A1		
quarter	n.	A1		
question	n.	A1		
quick	adj.	A1		
quickly	adv.	A1		
quiet	adj.	A1		
quite	adv.	A1		
radio	n.	A1		
rain	n., v.	A1		
read	v.	A1		
reader	n.	A1		
reading	n.	A1		
ready	adj.	A1		
real	adj.	A1		
really	adv.	A1		
reason	n.	A1		
red	adj., n.	A1		
relax	v.	A1		
remember	v.	A1		
repeat	v.	A1		
report	n.	A1		
restaurant	n.	A1		
result	n.	A1		
return	v., n.	A1		
rice	n.	A1		
rich	adj.	A1		
ride	v.	A1		
right	adj., adv., n.	A1		
river	n.	A1		
road	n.	A1		
room	n.	A1		
routine	n.	A1		
rule	n.	A1		
run	v.	A1		
sad	adj.	A1		
salad	n.	A1		
salt	n.	A1		
same	adj., pron., adv.	A1		
sandwich	n.	A1		
Saturday	n.	A1		
say	v.	A1		
school	n.	A1		
science	n.	A1		
scientist	n.	A1		
second	det./number	A1	next after the first	1
second	n.	A1	unit of time	1
section	n.	A1		
see	v.	A1		
sell	v.	A1		
send	v.	A1		
sentence	n.	A1		
September	n.	A1		
seven	number	A1		
seventeen	number	A1		
seventy	number	A1		
share	v.	A1		
she	pron.	A1		
sheep	n.	A1		
shirt	n.	A1		
shoe	n.	A1		
shop	n., v.	A1		
shopping	n.	A1		
short	adj.	A1		
should	modal v.	A1		
show	v., n.	A1		
shower	n.	A1		
sick	adj.	A1		
similar	adj.	A1		
sing	v.	A1		
singer	n.	A1		
sister	n.	A1		
sit	v.	A1		
situation	n.	A1		
six	number	A1		
sixteen	number	A1		
sixty	number	A1		
skill	n.	A1		
skirt	n.	A1		
sleep	v.	A1		
slow	adj.	A1		
small	adj.	A1		
smart	adj.	A1		
snake	n.	A1		
snow	n., v.	A1		
so	adv., conj.	A1		
some	det., pron.	A1		
somebody	pron.	A1		
someone	pron.	A1		
something	pron.	A1		
sometimes	adv.	A1		
son	n.	A1		
song	n.	A1		
soon	adv.	A1		
sorry	adj., exclam.	A1		
sound	n., v.	A1		
soup	n.	A1		
south	n., adj., adv.	A1		
space	n.	A1		
speak	v.	A1		
special	adj.	A1		
spell	v.	A1		
spelling	n.	A1		
spend	v.	A1		
sport	n.	A1		
spring	n.	A1		
stand	v.	A1		
star	n.	A1		
start	v.	A1		
statement	n.	A1		
station	n.	A1		
stay	v.	A1		
still	adv.	A1		
stop	v., n.	A1		
store	n.	A1		
story	n.	A1		
street	n.	A1		
strong	adj.	A1		
student	n.	A1		
study	n., v.	A1		
style	n.	A1		
subject	n.	A1		
success	n.	A1		
sugar	n.	A1		
summer	n.	A1		
sun	n.	A1		
Sunday	n.	A1		
supermarket	n.	A1		
sure	adj.	A1		
sweater	n.	A1		
swim	v.	A1		
swimming	n.	A1		
T-shirt	n.	A1		
table	n.	A1		
take	v.	A1		
talk	v.	A1		
tall	adj.	A1		
taxi	n.	A1		
tea	n.	A1		
teach	v.	A1		
teacher	n.	A1		
team	n.	A1		
teenager	n.	A1		
telephone	n., v.	A1		
television	n.	A1		
tell	v.	A1		
ten	number	A1		
tennis	n.	A1		
terrible	adj.	A1		
test	n., v.	A1		
text	n.	A1		
than	conj.	A1		
thank	v.	A1		
thanks	exclam., n.	A1		
that	det., pron., conj.	A1		
the	definite article	A1		
theater	n.	A1		
their	det.	A1		
them	pron.	A1		
then	adv.	A1		
there	adv.	A1		
they	pron.	A1		
thing	n.	A1		
think	v.	A1		
third	number	A1		
thirsty	adj.	A1		
thirteen	number	A1		
thirty	number	A1		
this	det./pron.	A1		
thousand	number	A1		
three	number	A1		
through	prep., adv.	A1		
Thursday	n.	A1		
ticket	n.	A1		
time	n.	A1		
tired	adj.	A1		
title	n.	A1		
to	prep., infinitive marker	A1		
today	adv., n.	A1		
together	adv.	A1		
toilet	n.	A1		
tomato	n.	A1		
tomorrow	adv., n.	A1		
tonight	adv., n.	A1		
too	adv.	A1		
tooth	n.	A1		
topic	n.	A1		
tourist	n.	A1		
town	n.	A1		
traffic	n.	A1		
train	n.	A1		
travel	v., n.	A1		
tree	n.	A1		
trip	n.	A1		
truck	n.	A1		
true	adj.	A1		
try	v.	A1		
Tuesday	n.	A1		
turn	v., n.	A1		
TV	n.	A1		
twelve	number	A1		
twenty	number	A1		
twice	adv.	A1		
two	number	A1		
type	n.	A1		
umbrella	n.	A1		
uncle	n.	A1		
under	prep., adv.	A1		
understand	v.	A1		
university	n.	A1		
until	conj./prep.	A1		
up	adv., prep.	A1		
upstairs	adv.	A1		
us	pron.	A1		
use	v.	A1		
useful	adj.	A1		
usually	adv.	A1		
vacation	n.	A1		
vegetable	n.	A1		
very	adv.	A1		
video	n.	A1		
visit	v., n.	A1		
visitor	n.	A1		
wait	v.	A1		
waiter	n.	A1		
wake	v.	A1		
walk	v., n.	A1		
wall	n.	A1		
want	v.	A1		
warm	adj.	A1		
wash	v.	A1		
watch	v., n.	A1		
water	n.	A1		
way	n.	A1		
we	pron.	A1		
wear	v.	A1		
weather	n.	A1		
website	n.	A1		
Wednesday	n.	A1		
week	n.	A1		
weekend	n.	A1		
welcome	exclam., v., adj.	A1		
well	adv., adj., exclam.	A1		
west	n., adj., adv.	A1		
what	pron./det.	A1		
when	adv., pron., conj.	A1		
where	adv., conj.	A1		
which	pron./det.	A1		
white	adj., n.	A1		
who	pron.	A1		
why	adv.	A1		
wife	n.	A1		
will	modal v.	A1		
win	v.	A1		
window	n.	A1		
wine	n.	A1		
winter	n.	A1		
with	prep.	A1		
without	prep.	A1		
woman	n.	A1		
wonderful	adj.	A1		
word	n.	A1		
work	v., n.	A1		
worker	n.	A1		
world	n.	A1		
would	modal v.	A1		
write	v.	A1		
writer	n.	A1		
writing	n.	A1		
wrong	adj.	A1		
yard	n.	A1		
yeah	exclam.	A1		
year	n.	A1		
yellow	adj., n.	A1		
yes	exclam.	A1		
yesterday	adv., n.	A1		
you	pron.	A1		
young	adj.	A1		
your	det.	A1		
yourself	pron.	A1		
ability	n.	A2		
able	adj.	A2		
accept	v.	A2		
accident	n.	A2		
according to	prep.	A2		
achieve	v.	A2		
act	v.	A2		
active	adj.	A2		
actually	adv.	A2		
adult	adj.	A2		
advantage	n.	A2		
adventure	n.	A2		
advertise	v.	A2		
advertisement	n.	A2		
advertising	n.	A2		
affect	v.	A2		
after	conj., adv.	A2		
against	prep.	A2		
ah	exclam.	A2		
airline	n.	A2		
alive	adj.	A2		
all	adv.	A2		
all right	adj./adv.	A2		
allow	v.	A2		
almost	adv.	A2		
alone	adj./adv.	A2		
along	prep., adv.	A2		
already	adv.	A2		
alternative	n.	A2		
although	conj.	A2		
among	prep.	A2		
amount	n.	A2		
analyze	v.	A2		
ancient	adj.	A2		
ankle	n.	A2		
any	adv.	A2		
anybody	pron.	A2		
anymore	adv.	A2		
anyway	adv.	A2		
anywhere	adv., pron.	A2		
app	n.	A2		
appear	v.	A2		
appearance	n.	A2		
apply	v.	A2		
architect	n.	A2		
architecture	n.	A2		
argue	v.	A2		
argument	n.	A2		
army	n.	A2		
arrange	v.	A2		
arrangement	n.	A2		
as	adv., conj.	A2		
asleep	adj.	A2		
assistant	n., adj.	A2		
athlete	n.	A2		
attack	n., v.	A2		
attend	v.	A2		
attention	n., exclam.	A2		
attractive	adj.	A2		
audience	n.	A2		
author	n.	A2		
available	adj.	A2		
average	adj., n.	A2		
avoid	v.	A2		
award	n.	A2		
awful	adj.	A2		
back	adj.	A2		
background	n.	A2		
badly	adv.	A2		
based	adj.	A2		
bean	n.	A2		
bear	n.	A2	animal	
beat	v.	A2		
beef	n.	A2		
before	conj., adv.	A2		
behave	v.	A2		
behavior	n.	A2		
belong	v.	A2		
belt	n.	A2		
benefit	n.	A2		
best	adv., n.	A2		
better	adv.	A2		
between	adv.	A2		
billion	number	A2		
biology	n.	A2		
birth	n.	A2		
bit	n.	A2		
blank	adj., n.	A2		
block	n.	A2		
blood	n.	A2		
blow	v.	A2		
board	n.	A2		
boil	v.	A2		
bone	n.	A2		
book	v.	A2		
borrow	v.	A2		
boss	n.	A2		
bottom	n., adj.	A2		
bowl	n.	A2		
brain	n.	A2		
bridge	n.	A2		
bright	adj.	A2		
brilliant	adj.	A2		
broken	adj.	A2		
brush	v., n.	A2		
burn	v.	A2		
businessman	n.	A2		
button	n.	A2		
camp	n., v.	A2		
camping	n.	A2		
campus	n.	A2		
can	n.	A2		2
candy	n.	A2		
care	n., v.	A2		
careful	adj.	A2		
carefully	adv.	A2		
carpet	n.	A2		
cartoon	n.	A2		
case	n.	A2		
cash	n.	A2		
catch	v.	A2		
cause	n., v.	A2		
celebrate	v.	A2		
celebrity	n.	A2		
cell	n.	A2		
century	n.	A2		
certain	adj.	A2		
certainly	adv.	A2		
chance	n.	A2		
character	n.	A2		
charity	n.	A2		
chat	v., n.	A2		
check	n.	A2		
chef	n.	A2		
chemistry	n.	A2		
chip	n.	A2		
choice	n.	A2		
church	n.	A2		
cigarette	n.	A2		
circle	n., v.	A2		
classical	adj.	A2		
clear	adj.	A2		
clearly	adv.	A2		
clerk	n.	A2		
climate	n.	A2		
close	adj.	A2		2
closed	adj.	A2		
closet	n.	A2		
clothing	n.	A2		
cloud	n.	A2		
coach	n.	A2		
coast	n.	A2		
code	n.	A2		
colleague	n.	A2		
collect	v.	A2		
column	n.	A2		
comedy	n.	A2		
comfortable	adj.	A2		
comment	n.	A2		
communicate	v.	A2		
community	n.	A2		
compete	v.	A2		
competition	n.	A2		
complain	v.	A2		
completely	adv.	A2		
condition	n.	A2		
conference	n.	A2		
connect	v.	A2		
connected	adj.	A2		
consider	v.	A2		
contain	v.	A2		
context	n.	A2		
continent	n.	A2		
continue	v.	A2		
control	n., v.	A2		
cook	n.	A2		
cookie	n.	A2		
copy	n., v.	A2		
corner	n.	A2		
correctly	adv.	A2		
count	v.	A2		
couple	n.	A2		
cover	v.	A2		
crazy	adj.	A2		
creative	adj.	A2		
credit	n.	A2		
crime	n.	A2		
criminal	n.	A2		
cross	v., n.	A2		
crowd	n.	A2		
crowded	adj.	A2		
cry	v.	A2		
curly	adj.	A2		
cycle	n., v.	A2		
daily	adj.	A2		
danger	n.	A2		
dark	n.	A2		
data	n.	A2		
dead	adj.	A2		
deal	v.	A2		
death	n.	A2		
decision	n.	A2		
deep	adj.	A2		
definitely	adv.	A2		
degree	n.	A2		
dentist	n.	A2		
department	n.	A2		
depend	v.	A2		
desert	n.	A2		
designer	n.	A2		
dessert	n.	A2		
destroy	v.	A2		
detective	n.	A2		
develop	v.	A2		
device	n.	A2		
diary	n.	A2		
differently	adv.	A2		
digital	adj.	A2		
direct	adj.	A2		
direction	n.	A2		
director	n.	A2		
disagree	v.	A2		
disappear	v.	A2		
disaster	n.	A2		
discover	v.	A2		
discovery	n.	A2		
discussion	n.	A2		
disease	n.	A2		
distance	n.	A2		
divorced	adj.	A2		
document	n.	A2		
double	adj., det., pron., v.	A2		
download	v., n.	A2		
downstairs	adj.	A2		
downtown	adv., n., adj.	A2		
drama	n.	A2		
drawing	n.	A2		
dream	n., v.	A2		
drive	n.	A2		
driving	n.	A2		
drop	v.	A2		
drug	n.	A2		
dry	adj., v.	A2		
earn	v.	A2		
earth	n.	A2		
easily	adv.	A2		
education	n.	A2		
effect	n.	A2		
either	det./pron., adv.	A2		
electric	adj.	A2		
electrical	adj.	A2		
electricity	n.	A2		
electronic	adj.	A2		
elevator	n.	A2		
employ	v.	A2		
employee	n.	A2		
employer	n.	A2		
empty	adj.	A2		
ending	n.	A2		
energy	n.	A2		
engine	n.	A2		
engineer	n.	A2		
enormous	adj.	A2		
enter	v.	A2		
environment	n.	A2		
equipment	n.	A2		
error	n.	A2		
especially	adv.	A2		
essay	n.	A2		
everyday	adj.	A2		
everywhere	adv.	A2		
evidence	n.	A2		
exact	adj.	A2		
exactly	adv.	A2		
excellent	adj.	A2		
except	prep.	A2		
exist	v.	A2		
expect	v.	A2		
experience	n.	A2		
experiment	n.	A2		
expert	n., adj.	A2		
explanation	n.	A2		
express	v.	A2		
expression	n.	A2		
extreme	adj.	A2		
extremely	adv.	A2		
factor	n.	A2		
factory	n.	A2		
fail	v.	A2		
fair	adj.	A2		
fan	n.	A2		
farm	v.	A2		
farming	n.	A2		
fashion	n.	A2		
fat	n.	A2		
fear	n.	A2		
feature	n.	A2		
feed	v.	A2		
female	adj., n.	A2		
fever	n.	A2		
fiction	n.	A2		
field	n.	A2		
fight	v., n.	A2		
figure	n.	A2		
film	n., v.	A2		
final	n.	A2		
finally	adv.	A2		
finger	n.	A2		
finish	n.	A2		
fire	v.	A2		
first	n.	A2		
fish	v.	A2		
fishing	n.	A2		
fit	v., adj.	A2		
fix	v.	A2		
flat	adj.	A2		
flu	n.	A2		
fly	n.	A2		
flying	n., adj.	A2		
focus	v., n.	A2		
following	adj.	A2		
foreign	adj.	A2		
forest	n.	A2		
fork	n.	A2		
formal	adj.	A2		
fortunately	adv.	A2		
forward	adv.	A2		
free	adv.	A2		
fresh	adj.	A2		
frog	n.	A2		
fun	adj.	A2		
furniture	n.	A2		
further	adj.	A2		
future	adj.	A2		
gallery	n.	A2		
gap	n.	A2		
garbage	n.	A2		
gas	n.	A2		
gate	n.	A2		
general	adj.	A2		
gift	n.	A2		
goal	n.	A2		
god	n.	A2		
gold	n., adj.	A2		
golf	n.	A2		
good	n.	A2		
government	n.	A2		
grass	n.	A2		
greet	v.	A2		
grocery	n.	A2		
ground	n.	A2		
guest	n.	A2		
guide	n., v.	A2		
gun	n.	A2		
guy	n.	A2		
habit	n.	A2		
half	adv.	A2		
hall	n.	A2		
happily	adv.	A2		
have	auxiliary v.	A2		
headache	n.	A2		
heart	n.	A2		
heat	n., v.	A2		
heavy	adj.	A2		
height	n.	A2		
helpful	adj.	A2		
hero	n.	A2		
hers	pron.	A2		
herself	pron.	A2		
hide	v.	A2		
high	adv.	A2		
hill	n.	A2		
himself	pron.	A2		
his	pron.	A2		
hit	v., n.	A2		
hockey	n.	A2		
hold	v.	A2		
hole	n.	A2		
holiday	n.	A2		
home	adj.	A2		
hope	n.	A2		
huge	adj.	A2		
human	adj., n.	A2		
hurt	v., adj.	A2		
ideal	adj.	A2		
identify	v.	A2		
ill	adj.	A2		
illness	n.	A2		
image	n.	A2		
immediately	adv.	A2		
impossible	adj.	A2		
included	adj.	A2		
including	prep.	A2		
increase	v., n.	A2		
incredible	adj.	A2		
independent	adj.	A2		
individual	n., adj.	A2		
industry	n.	A2		
informal	adj.	A2		
injury	n.	A2		
insect	n.	A2		
inside	prep., adv., n., adj.	A2		
instead	adv.	A2		
instruction	n.	A2		
instructor	n.	A2		
instrument	n.	A2		
intelligent	adj.	A2		
international	adj.	A2		
introduction	n.	A2		
invent	v.	A2		
invention	n.	A2		
invitation	n.	A2		
invite	v.	A2		
involve	v.	A2		
item	n.	A2		
itself	pron.	A2		
jam	n.	A2		
jazz	n.	A2		
jewelry	n.	A2		
joke	n., v.	A2		
journalist	n.	A2		
jump	v., n.	A2		
kid	n.	A2		
kill	v.	A2		
kilometer	n.	A2		
king	n.	A2		
knee	n.	A2		
knife	n.	A2		
knock	v.	A2		
knowledge	n.	A2		
lab	n.	A2		
lady	n.	A2		
lake	n.	A2		
lamp	n.	A2		
land	v.	A2		
laptop	n.	A2		
last	adv., n.	A2	final	1
last	v.	A2	taking time	1
later	adj.	A2		
laughter	n.	A2		
law	n.	A2		
lawyer	n.	A2		
lazy	adj.	A2		
lead	v.	A2		1
leader	n.	A2		
learning	n.	A2		
least	det./pron., adv.	A2		
lecture	n., v.	A2		
lemon	n.	A2		
lend	v.	A2		
less	det./pron., adv.	A2		
level	n.	A2		
lifestyle	n.	A2		
lift	v.	A2		
light	v.	A2	from the sun/a lamp	
light	adj.	A2	not heavy	
likely	adj.	A2		
link	n., v.	A2		
listener	n.	A2		
little	adv.	A2		
lock	v., n.	A2		
look	n.	A2		
lost	adj.	A2		
loud	adj., adv.	A2		
loudly	adv.	A2		
low	adj., adv.	A2		
luck	n.	A2		
lucky	adj.	A2		
mail	n., v.	A2		
major	adj.	A2		
male	adj., n.	A2		
manage	v.	A2		
manager	n.	A2		
manner	n.	A2		
mark	v., n.	A2		
marry	v.	A2		
material	n.	A2		
math	n.	A2		
mathematics	n.	A2		
matter	n., v.	A2		
may	modal v.	A2		
mayor	n.	A2		
media	n.	A2		
medical	adj.	A2		
medicine	n.	A2		
memory	n.	A2		
mention	v.	A2		
metal	n.	A2		
method	n.	A2		
middle	n., adj.	A2		
might	modal v.	A2		
mind	n., v.	A2		
mine	pron.	A2	belongs to me	
mirror	n.	A2		
missing	adj.	A2		
monkey	n.	A2		
moon	n.	A2		
mostly	adv.	A2		
motorcycle	n.	A2		
movement	n.	A2		
musical	adj.	A2		
musician	n.	A2		
myself	pron.	A2		
narrow	adj.	A2		
national	adj.	A2		
nature	n.	A2		
nearly	adv.	A2		
necessary	adj.	A2		
neck	n.	A2		
need	n.	A2		
neither	det./pron.	A2		
nervous	adj.	A2		
network	n.	A2		
noise	n.	A2		
noisy	adj.	A2		
none	pron.	A2		
normal	adj.	A2		
normally	adv.	A2		
notice	v., n.	A2		
novel	n.	A2		
nowhere	adv.	A2		
number	v.	A2		
nut	n.	A2		
offer	v., n.	A2		
officer	n.	A2		
oil	n.	A2		
onto	prep.	A2		
opportunity	n.	A2		
option	n.	A2		
ordinary	adj.	A2		
organization	n.	A2		
organize	v.	A2		
original	adj.	A2		
ourselves	pron.	A2		
outside	prep., n., adj.	A2		
oven	n.	A2		
overseas	adv.	A2		
own	v.	A2		
owner	n.	A2		
pack	v.	A2		
pain	n.	A2		
painter	n.	A2		
palace	n.	A2		
parking	n.	A2		
particular	adj.	A2		
pass	v.	A2		
passenger	n.	A2		
past	adv.	A2		
patient	n.	A2		
pattern	n.	A2		
pay	n.	A2		
peace	n.	A2		
penny	n.	A2		
per	prep.	A2		
percent	n.	A2		
perform	v.	A2		
perhaps	adv.	A2		
permission	n.	A2		
personality	n.	A2		
pet	n.	A2		
photograph	v.	A2		
physical	adj.	A2		
physics	n.	A2		
pick	v.	A2		
pilot	n.	A2		
planet	n.	A2		
plant	v.	A2		
plastic	n., adj.	A2		
plate	n.	A2		
platform	n.	A2		
please	v.	A2		
pleased	adj.	A2		
pocket	n.	A2		
polite	adj.	A2		
pollution	n.	A2		
pop	n., adj.	A2		
population	n.	A2		
position	n.	A2		
possession	n.	A2		
possibility	n.	A2		
poster	n.	A2		
power	n.	A2		
predict	v.	A2		
present	v.	A2		
president	n.	A2		
prevent	v.	A2		
print	v.	A2		
printer	n.	A2		
prison	n.	A2		
prize	n.	A2		
process	n.	A2		
produce	v.	A2		
professional	adj.	A2		
professor	n.	A2		
profile	n.	A2		
progress	n.	A2		
promise	v., n.	A2		
pronounce	v.	A2		
protect	v.	A2		
provide	v.	A2		
public	adj., n.	A2		
publish	v.	A2		
pull	v.	A2		
purpose	n.	A2		
push	v.	A2		
quality	n.	A2		
quantity	n.	A2		
queen	n.	A2		
question	v.	A2		
quietly	adv.	A2		
race	n., v.	A2	competition	
railroad	n.	A2		
raise	v.	A2		
rate	n.	A2		
rather	adv.	A2		
reach	v.	A2		
react	v.	A2		
realize	v.	A2		
receive	v.	A2		
recent	adj.	A2		
recently	adv.	A2		
reception	n.	A2		
recipe	n.	A2		
recognize	v.	A2		
recommend	v.	A2		
record	n., v.	A2		
recording	n.	A2		
recycle	v.	A2		
reduce	v.	A2		
refer	v.	A2		
refrigerator	n.	A2		
refuse	v.	A2		1
region	n.	A2		
regular	adj.	A2		
relationship	n.	A2		
remove	v.	A2		
repair	v.	A2		
replace	v.	A2		
reply	v., n.	A2		
report	v.	A2		
reporter	n.	A2		
request	n.	A2		
research	n., v.	A2		
researcher	n.	A2		
respond	v.	A2		
response	n.	A2		
rest	n.	A2	remaining part	
rest	n., v.	A2	sleep/relax	
review	n., v.	A2		
ride	n.	A2		
ring	n.	A2		1
ring	v.	A2		2
rise	v.	A2		
rock	n.	A2	stone	
rock	n.	A2	music	
role	n.	A2		
roof	n.	A2		
round	adj., adv., prep.	A2		
route	n.	A2		
rude	adj.	A2		
run	n.	A2		
runner	n.	A2		
running	n.	A2		
sadly	adv.	A2		
safe	adj.	A2		
sail	v.	A2		
sailing	n.	A2		
salary	n.	A2		
sale	n.	A2		
sauce	n.	A2		
save	v.	A2		
scared	adj.	A2		
scary	adj.	A2		
scene	n.	A2		
schedule	n.	A2		
score	v., n.	A2		
screen	n.	A2		
sea	n.	A2		
search	n., v.	A2		
season	n.	A2		
seat	n.	A2		
second	adv.	A2	next after the first	1
secret	adj., n.	A2		
secretary	n.	A2		
seem	v.	A2		
sense	n.	A2		
separate	adj.	A2		
series	n.	A2		
serious	adj.	A2		
serve	v.	A2		
service	n.	A2		
several	det./pron.	A2		
shake	v.	A2		
shape	n.	A2		
sheet	n.	A2		
ship	n.	A2		
shoulder	n.	A2		
shout	v., n.	A2		
shut	v., adj.	A2		
side	n.	A2		
sign	n., v.	A2		
silver	n., adj.	A2		
simple	adj.	A2		
since	prep., conj.	A2		
singing	n.	A2		
single	adj., n.	A2		
sir	n.	A2		
site	n.	A2		
size	n.	A2		
ski	v., adj., n.	A2		
skiing	n.	A2		
skin	n.	A2		
sky	n.	A2		
sleep	n.	A2		
slowly	adv.	A2		
smartphone	n.	A2		
smell	v., n.	A2		
smile	v., n.	A2		
smoke	n., v.	A2		
smoking	n.	A2		
sneaker	n.	A2		
soap	n.	A2		
soccer	n.	A2		
social	adj.	A2		
society	n.	A2		
sock	n.	A2		
soft	adj.	A2		
soldier	n.	A2		
solution	n.	A2		
solve	v.	A2		
somewhere	adv., pron.	A2		
sort	n.	A2		
source	n.	A2		
speaker	n.	A2		
specific	adj.	A2		
speech	n.	A2		
speed	n.	A2		
spider	n.	A2		
spoon	n.	A2		
square	adj., n.	A2		
stage	n.	A2		
stair	n.	A2		
stamp	n.	A2		
star	v.	A2		
start	n.	A2		
state	n.	A2		
stay	n.	A2		
steal	v.	A2		
step	n.	A2		
stomach	n.	A2		
stone	n.	A2		
storm	n., v.	A2		
stove	n.	A2		
straight	adv., adj.	A2		
strange	adj.	A2		
strategy	n.	A2		
stress	n., v.	A2		
structure	n.	A2		
stupid	adj.	A2		
subway	n.	A2		
succeed	v.	A2		
successful	adj.	A2		
such	det./pron.	A2		
suddenly	adv.	A2		
suggest	v.	A2		
suggestion	n.	A2		
suit	n.	A2		
support	v., n.	A2		
suppose	v.	A2		
sure	adv.	A2		
surprise	n., v.	A2		
surprised	adj.	A2		
surprising	adj.	A2		
survey	n.	A2		
sweet	adj., n.	A2		
symbol	n.	A2		
system	n.	A2		
tablet	n.	A2		
talk	n.	A2		
target	n.	A2		
task	n.	A2		
taste	n., v.	A2		
teaching	n.	A2		
technology	n.	A2		
teenage	adj.	A2		
temperature	n.	A2		
term	n.	A2		
text	v.	A2		
themselves	pron.	A2		
thick	adj.	A2		
thief	n.	A2		
thin	adj.	A2		
thinking	n.	A2		
third	n.	A2		
thought	n.	A2		
throw	v.	A2		
tie	v., n.	A2		
tip	n.	A2		
tool	n.	A2		
top	n., adj.	A2		
touch	v.	A2		
tour	n.	A2		
tourism	n.	A2		
toward	prep.	A2		
towel	n.	A2		
tower	n.	A2		
toy	n., adj.	A2		
track	n.	A2		
tradition	n.	A2		
traditional	adj.	A2		
train	v.	A2		
training	n.	A2		
transportation	n.	A2		
trash	n.	A2		
traveler	n.	A2		
trouble	n.	A2		
twin	n., adj.	A2		
typical	adj.	A2		
underground	adj., adv.	A2		
understanding	n.	A2		
unfortunately	adv.	A2		
unhappy	adj.	A2		
uniform	n.	A2		
unit	n.	A2		
united	adj.	A2		
unusual	adj.	A2		
upstairs	adj.	A2		
use	n.	A2		
used to	modal v.	A2		
user	n.	A2		
usual	adj.	A2		
valley	n.	A2		
variety	n.	A2		
vehicle	n.	A2		
view	n.	A2		
village	n.	A2		
virus	n.	A2		
voice	n.	A2		
wait	n.	A2		
war	n.	A2		
wash	n.	A2		
washing	n.	A2		
wave	n.	A2		
weak	adj.	A2		
web	n.	A2		
wedding	n.	A2		
weight	n.	A2		
welcome	n.	A2		
wet	adj.	A2		
wheel	n.	A2		
while	conj.	A2		
whole	adj.	A2		
whose	det./pron.	A2		
wide	adj.	A2		
wild	adj.	A2		
wind	n.	A2		1
winner	n.	A2		
wish	v., n.	A2		
wood	n.	A2		
wooden	adj.	A2		
working	adj.	A2		
worried	adj.	A2		
worry	v.	A2		
worse	adj.	A2		
worst	adj.	A2		
wow	exclam.	A2		
yet	adv.	A2		
yours	pron.	A2		
zero	number	A2		
absolutely	adv.	B1		
academic	adj.	B1		
access	n., v.	B1		
account	n.	B1		
achievement	n.	B1		
act	n.	B1		
ad	n.	B1		
addition	n.	B1		
administration	n.	B1		
admire	v.	B1		
admit	v.	B1		
advanced	adj.	B1		
advise	v.	B1		
afford	v.	B1		
age	v.	B1		
agent	n.	B1		
agreement	n.	B1		
ahead	adv.	B1		
aim	v., n.	B1		
alarm	n.	B1		
album	n.	B1		
alcohol	n.	B1		
alcoholic	adj.	B1		
alternative	adj.	B1		
amazed	adj.	B1		
ambition	n.	B1		
analysis	n.	B1		
announce	v.	B1		
announcement	n.	B1		
annoy	v.	B1		
annoyed	adj.	B1		
annoying	adj.	B1		
apart	adv.	B1		
apologize	v.	B1		
application	n.	B1		
appointment	n.	B1		
appreciate	v.	B1		
approximately	adv.	B1		
arrest	v., n.	B1		
arrival	n.	B1		
assignment	n.	B1		
assist	v.	B1		
atmosphere	n.	B1		
attach	v.	B1		
attitude	n.	B1		
attract	v.	B1		
attraction	n.	B1		
authority	n.	B1		
automatic	adj.	B1		
automatically	adv.	B1		
average	v.	B1		
award	v.	B1		
aware	adj.	B1		
backward	adv.	B1		
bake	v.	B1		
balance	n., v.	B1		
ban	v., n.	B1		
bank	n.	B1	river	
base	n., v.	B1		
basic	adj.	B1		
basis	n.	B1		
battery	n.	B1		
battle	n.	B1		
beauty	n.	B1		
bee	n.	B1		
belief	n.	B1		
bell	n.	B1		
bend	v., n.	B1		
benefit	v.	B1		
better	n.	B1		
bite	v., n.	B1		
block	v.	B1		
board	v.	B1		
bomb	n., v.	B1		
border	n.	B1		
bother	v.	B1		
branch	n.	B1		
brand	n., v.	B1		
brave	adj.	B1		
breath	n.	B1		
breathe	v.	B1		
breathing	n.	B1		
bride	n.	B1		
bubble	n.	B1		
bury	v.	B1		
by	adv.	B1		
cable	n.	B1		
calm	adj., v., n.	B1		
campaign	n., v.	B1		
candidate	n.	B1		
cap	n.	B1		
captain	n.	B1		
careless	adj.	B1		
category	n.	B1		
ceiling	n.	B1		
celebration	n.	B1		
center	v.	B1		
central	adj.	B1		
ceremony	n.	B1		
chain	n.	B1		
challenge	n.	B1		
champion	n.	B1		
channel	n.	B1		
chapter	n.	B1		
charge	n., v.	B1		
cheap	adv.	B1		
cheat	v., n.	B1		
cheerful	adj.	B1		
chemical	adj., n.	B1		
chest	n.	B1		
childhood	n.	B1		
claim	v., n.	B1		
clause	n.	B1		
clear	v.	B1		
clever	adj.	B1		
click	v., n.	B1		
client	n.	B1		
climb	n.	B1		
close	adv.	B1		2
cloth	n.	B1		
clue	n.	B1		
coach	v.	B1		
coal	n.	B1		
coin	n.	B1		
collection	n.	B1		
colored	adj.	B1		
combine	v.	B1		
comment	v.	B1		
commercial	adj., n.	B1		
commit	v.	B1		
communication	n.	B1		
comparison	n.	B1		
competitive	adj.	B1		
competitor	n.	B1		
complaint	n.	B1		
complex	adj.	B1		
concentrate	v.	B1		
conclude	v.	B1		
conclusion	n.	B1		
confident	adj.	B1		
confirm	v.	B1		
confuse	v.	B1		
confused	adj.	B1		
connection	n.	B1		
consequence	n.	B1		
consist	v.	B1		
consume	v.	B1		
consumer	n.	B1		
contact	n., v.	B1		
container	n.	B1		
content	n.	B1		1
continuous	adj.	B1		
contrast	n., v.	B1		
convenient	adj.	B1		
convince	v.	B1		
cool	v.	B1		
corn	n.	B1		
costume	n.	B1		
cotton	n.	B1		
count	n.	B1		
countryside	n.	B1		
court	n.	B1		
cover	n.	B1		
covered	adj.	B1		
cream	adj.	B1		
criminal	adj.	B1		
cruel	adj.	B1		
cultural	adj.	B1		
cupboard	n.	B1		
currency	n.	B1		
current	adj.	B1		
currently	adv.	B1		
curtain	n.	B1		
custom	n.	B1		
cut	n.	B1		
daily	adv.	B1		
damage	n., v.	B1		
deal	n.	B1		
decade	n.	B1		
deep	adv.	B1		
define	v.	B1		
definite	adj.	B1		
definition	n.	B1		
deliver	v.	B1		
departure	n.	B1		
despite	prep.	B1		
destination	n.	B1		
determine	v.	B1		
determined	adj.	B1		
development	n.	B1		
diagram	n.	B1		
diamond	n.	B1		
difficulty	n.	B1		
direct	v., adv.	B1		
directly	adv.	B1		
dirt	n.	B1		
disadvantage	n.	B1		
disappointed	adj.	B1		
disappointing	adj.	B1		
discount	n.	B1		
dislike	v., n.	B1		
district	n.	B1		
divide	v.	B1		
documentary	n.	B1		
donate	v.	B1		
double	adv.	B1		
doubt	n., v.	B1		
dressed	adj.	B1		
drop	n.	B1		
drum	n.	B1		
drunk	adj.	B1		
due	adj.	B1		
dust	n.	B1		
duty	n.	B1		
earthquake	n.	B1		
eastern	adj.	B1		
economic	adj.	B1		
economy	n.	B1		
edge	n.	B1		
editor	n.	B1		
educate	v.	B1		
educated	adj.	B1		
educational	adj.	B1		
effective	adj.	B1		
effectively	adv.	B1		
effort	n.	B1		
election	n.	B1		
element	n.	B1		
embarrassed	adj.	B1		
embarrassing	adj.	B1		
emergency	n.	B1		
emotion	n.	B1		
employment	n.	B1		
empty	v.	B1		
encourage	v.	B1		
enemy	n.	B1		
engaged	adj.	B1		
engineering	n.	B1		
entertain	v.	B1		
entertainment	n.	B1		
entrance	n.	B1		
entry	n.	B1		
environmental	adj.	B1		
episode	n.	B1		
equal	adj., v.	B1		
equally	adv.	B1		
escape	v., n.	B1		
essential	adj.	B1		
eventually	adv.	B1		
examine	v.	B1		
except	conj.	B1		
exchange	n., v.	B1		
excitement	n.	B1		
exhibition	n.	B1		
exit	n.	B1		
expand	v.	B1		
expected	adj.	B1		
experience	v.	B1		
experienced	adj.	B1		
experiment	v.	B1		
explode	v.	B1		
explore	v.	B1		
explosion	n.	B1		
export	n., v.	B1		
extra	n., adv.	B1		
face	v.	B1		
fairly	adv.	B1		
familiar	adj.	B1		
fancy	adj.	B1		
far	adj.	B1		
fascinating	adj.	B1		
fashionable	adj.	B1		
fasten	v.	B1		
favor	n.	B1		
fear	v.	B1		
feature	v.	B1		
federal	adj.	B1		
fence	n.	B1		
fighting	n.	B1		
file	n.	B1		
financial	adj.	B1		
fitness	n.	B1		
fixed	adj.	B1		
flag	n.	B1		
flood	n., v.	B1		
flour	n.	B1		
flow	v., n.	B1		
fold	v.	B1		
folk	n., adj.	B1		
following	n.	B1		
force	n., v.	B1		
forever	adv.	B1		
frame	n., v.	B1		
freeze	v.	B1		
frequently	adv.	B1		
friendship	n.	B1		
frighten	v.	B1		
frightened	adj.	B1		
frightening	adj.	B1		
frozen	adj.	B1		
fry	v.	B1		
fuel	n.	B1		
function	n.	B1		
fur	n.	B1		
further	adv.	B1		
garage	n.	B1		
gather	v.	B1		
generally	adv.	B1		
generation	n.	B1		
generous	adj.	B1		
gentle	adj.	B1		
gentleman	n.	B1		
ghost	n.	B1		
giant	adj., n.	B1		
glad	adj.	B1		
global	adj.	B1		
glove	n.	B1		
go	n.	B1		
grade	n.	B1		
graduate	n., v.	B1		
grain	n.	B1		
grateful	adj.	B1		
growth	n.	B1		
guard	n., v.	B1		
guilty	adj.	B1		
hand	v.	B1		
hang	v.	B1		
happiness	n.	B1		
hardly	adv.	B1		
hate	n.	B1		
head	v.	B1		
headline	n.	B1		
heating	n.	B1		
heavily	adv.	B1		
helicopter	n.	B1		
highlight	v., n.	B1		
highly	adv.	B1		
highway	n.	B1		
hire	v.	B1		
historic	adj.	B1		
historical	adj.	B1		
honest	adj.	B1		
horrible	adj.	B1		
horror	n.	B1		
host	n.	B1		
hunt	v.	B1		
hurricane	n.	B1		
hurry	n., v.	B1		
identity	n.	B1		
ignore	v.	B1		
illegal	adj.	B1		
imaginary	adj.	B1		
immediate	adj.	B1		
immigrant	n.	B1		
impact	n., v.	B1		
import	n., v.	B1		
importance	n.	B1		
impression	n.	B1		
impressive	adj.	B1		
improvement	n.	B1		
incredibly	adv.	B1		
indeed	adv.	B1		
indicate	v.	B1		
indirect	adj.	B1		
indoor	adj.	B1		
indoors	adv.	B1		
influence	n., v.	B1		
ingredient	n.	B1		
injure	v.	B1		
injured	adj.	B1		
innocent	adj.	B1		
intelligence	n.	B1		
intend	v.	B1		
intention	n.	B1		
invest	v.	B1		
investigate	v.	B1		
involved	adj.	B1		
iron	n., v.	B1		
issue	n.	B1		
IT	n.	B1		
journal	n.	B1		
journey	n.	B1		
judge	n., v.	B1		
key	v.	B1		
keyboard	n.	B1		
kick	v., n.	B1		
killing	n.	B1		
kind	adj.	B1	caring	
kiss	v., n.	B1		
knock	n.	B1		
label	n., v.	B1		
laboratory	n.	B1		
lack	n., v.	B1		
latest	adj.	B1		
lay	v.	B1		
layer	n.	B1		
lead	n.	B1		1
leading	adj.	B1		
leaf	n.	B1		
leather	n.	B1		
legal	adj.	B1		
leisure	n.	B1		
length	n.	B1		
level	adj.	B1		
lie	v., n.	B1	tell a lie	2
like	n.	B1	find sb/sth pleasant	
limit	n., v.	B1		
lip	n.	B1		
liquid	n., adj.	B1		
literature	n.	B1		
live	adj., adv.	B1		2
living	adj., n.	B1		
local	n.	B1		
locate	v.	B1		
located	adj.	B1		
location	n.	B1		
lonely	adj.	B1		
loss	n.	B1		
luxury	n.	B1		
mad	adj.	B1		
magic	n., adj.	B1		
mainly	adv.	B1		
management	n.	B1		
market	v.	B1		
marketing	n.	B1		
marriage	n.	B1		
meanwhile	adv.	B1		
measure	v., n.	B1		
medium	adj.	B1		
mental	adj.	B1		
mention	n.	B1		
mess	n.	B1		
mild	adj.	B1		
mine	n.	B1	hole in the ground	
mix	v., n.	B1		
mixture	n.	B1		
mood	n.	B1		
move	n.	B1		
mud	n.	B1		
murder	n., v.	B1		
muscle	n.	B1		
musical	n.	B1		
mystery	n.	B1		
nail	n.	B1		
narrative	n., adj.	B1		
nation	n.	B1		
native	adj., n.	B1		
naturally	adv.	B1		
neat	adj.	B1		
necessarily	adv.	B1		
need	modal v.	B1		
needle	n.	B1		
neither	adv.	B1		
net	n.	B1		
next	n.	B1		
nor	conj./adv.	B1		
normal	n.	B1		
northern	adj.	B1		
note	v.	B1		
now	conj.	B1		
nuclear	adj.	B1		
obvious	adj.	B1		
obviously	adv.	B1		
occasion	n.	B1		
occur	v.	B1		
odd	adj.	B1		
official	adj.	B1		
old-fashioned	adj.	B1		
once	conj.	B1		
operation	n.	B1		
organized	adj.	B1		
organizer	n.	B1		
original	n.	B1		
originally	adv.	B1		
ought	modal v.	B1		
ours	pron.	B1		
outdoor	adj.	B1		
outdoors	adv.	B1		
overseas	adj.	B1		
pack	n.	B1		
package	n.	B1		
painful	adj.	B1		
pale	adj.	B1		
pan	n.	B1		
participate	v.	B1		
particularly	adv.	B1		
pass	n.	B1		
passion	n.	B1		
path	n.	B1		
payment	n.	B1		
peaceful	adj.	B1		
percentage	n.	B1		
perfectly	adv.	B1		
performance	n.	B1		
personally	adv.	B1		
persuade	v.	B1		
photographer	n.	B1		
photography	n.	B1		
pin	n., v.	B1		
pipe	n.	B1		
place	v.	B1		
planning	n.	B1		
pleasant	adj.	B1		
pleasure	n.	B1		
plenty	pron.	B1		
plot	n.	B1		
plus	prep.	B1		1
poem	n.	B1		
poet	n.	B1		
poetry	n.	B1		
point	v.	B1		
poison	n., v.	B1		
poisonous	adj.	B1		
policy	n.	B1		
political	adj.	B1		
politician	n.	B1		
politics	n.	B1		
port	n.	B1		
portrait	n.	B1		
possibly	adv.	B1		
pot	n.	B1		
pour	v.	B1		
poverty	n.	B1		
powder	n.	B1		
powerful	adj.	B1		
practical	adj.	B1		
pray	v.	B1		
prayer	n.	B1		
prediction	n.	B1		
prepared	adj.	B1		
presentation	n.	B1		
press	n., v.	B1		
pressure	n.	B1		
pretend	v.	B1		
previous	adj.	B1		
previously	adv.	B1		
priest	n.	B1		
primary	adj.	B1		
prince	n.	B1		
princess	n.	B1		
principal	n.	B1		
printing	n.	B1		
prisoner	n.	B1		
private	adj.	B1		
producer	n.	B1		
production	n.	B1		
profession	n.	B1		
profit	n.	B1		
program	v.	B1		
promote	v.	B1		
proper	adj.	B1		
properly	adv.	B1		
property	n.	B1		
protest	n., v.	B1		
proud	adj.	B1		
prove	v.	B1		
pull	n.	B1		
punish	v.	B1		
punishment	n.	B1		
push	n.	B1		
qualification	n.	B1		
qualified	adj.	B1		
qualify	v.	B1		
quit	v.	B1		
quotation	n.	B1		
quote	v., n.	B1		
race	n.	B1	of people	
racing	n.	B1		
raise	n.	B1		
range	n.	B1		
rare	adj.	B1		
rarely	adv.	B1		
reaction	n.	B1		
reality	n.	B1		
receipt	n.	B1		
recommendation	n.	B1		
reference	n.	B1		
reflect	v.	B1		
regularly	adv.	B1		
reject	v.	B1		
relate	v.	B1		
related	adj.	B1		
relation	n.	B1		
relative	adj., n.	B1		
relaxed	adj.	B1		
relaxing	adj.	B1		
release	v., n.	B1		
reliable	adj.	B1		
religion	n.	B1		
religious	adj.	B1		
remain	v.	B1		
remind	v.	B1		
remote	adj.	B1		
rent	n., v.	B1		
repair	n.	B1		
repeat	n.	B1		
repeated	adj.	B1		
represent	v.	B1		
request	v.	B1		
require	v.	B1		
reservation	n.	B1		
resource	n.	B1		
respect	n., v.	B1		
responsibility	n.	B1		
responsible	adj.	B1		
result	v.	B1		
retire	v.	B1		
retired	adj.	B1		
revise	v.	B1		
ring	n.	B1		2
risk	n., v.	B1		
robot	n.	B1		
roll	v., n.	B1		
romantic	adj.	B1		
rope	n.	B1		
rough	adj.	B1		
row	n.	B1		1
royal	adj.	B1		
rule	v.	B1		
safety	n.	B1		
sail	n.	B1		
sailor	n.	B1		
sample	n.	B1		
sand	n.	B1		
scan	v.	B1		
scientific	adj.	B1		
script	n.	B1		
sculpture	n.	B1		
secondary	adj.	B1		
security	n.	B1		
seed	n.	B1		
sensible	adj.	B1		
separate	v.	B1		
seriously	adv.	B1		
servant	n.	B1		
set	v.	B1	put	
set	n.	B1	group	
setting	n.	B1		
sex	n.	B1		
sexual	adj.	B1		
shake	n.	B1		
share	n.	B1		
sharp	adj.	B1		
shelf	n.	B1		
shell	n.	B1		
shift	n.	B1		
shine	v.	B1		
shiny	adj.	B1		
shoot	v.	B1		
shy	adj.	B1		
sight	n.	B1		
signal	n., v.	B1		
silent	adj.	B1		
silly	adj.	B1		
similarity	n.	B1		
similarly	adv.	B1		
simply	adv.	B1		
since	adv.	B1		
sink	v.	B1		
slave	n.	B1		
slice	n., v.	B1		
slightly	adv.	B1		
slow	v.	B1		
smooth	adj.	B1		
software	n.	B1		
soil	n.	B1		
solid	adj., n.	B1		
sort	v.	B1		
southern	adj.	B1		
specifically	adv.	B1		
spending	n.	B1		
spicy	adj.	B1		
spirit	n.	B1		
spoken	adj.	B1		
spot	n.	B1		
spread	v.	B1		
spring	v.	B1		
stadium	n.	B1		
staff	n.	B1		
standard	n., adj.	B1		
state	adj., v.	B1		
statistic	n.	B1		
statue	n.	B1		
stick	v.	B1	push into/attach	
stick	n.	B1	piece of wood	
still	adj.	B1		
store	v.	B1		
stranger	n.	B1		
strength	n.	B1		
string	n.	B1		
strongly	adv.	B1		
studio	n.	B1		
stuff	n.	B1		
substance	n.	B1		
successfully	adv.	B1		
sudden	adj.	B1		
suffer	v.	B1		
suit	v.	B1		
suitable	adj.	B1		
summarize	v.	B1		
summary	n.	B1		
supply	n., v.	B1		
supporter	n.	B1		
surely	adv.	B1		
surface	n.	B1		
survive	v.	B1		
swim	n.	B1		
switch	v.	B1		
symptom	n.	B1		
tail	n.	B1		
talent	n.	B1		
talented	adj.	B1		
tape	n.	B1		
tax	n., v.	B1		
technical	adj.	B1		
technique	n.	B1		
tend	v.	B1		
tent	n.	B1		
that	adv.	B1		
theirs	pron.	B1		
theme	n.	B1		
theory	n.	B1		
therefore	adv.	B1		
this	adv.	B1		
though	conj., adv.	B1		
throat	n.	B1		
throughout	prep./adv.	B1		
tight	adj.	B1		
till	conj./prep.	B1		
tiny	adj.	B1		
tip	v.	B1		
tire	n.	B1		
toe	n.	B1		
ton	n.	B1		
tongue	n.	B1		
total	adj., n.	B1		
totally	adv.	B1		
touch	n.	B1		
tour	v.	B1		
trade	n., v.	B1		
trainer	n.	B1		
translate	v.	B1		
translation	n.	B1		
transport	v.	B1		
treat	v.	B1		
treatment	n.	B1		
trend	n.	B1		
trick	n., v.	B1		
truth	n.	B1		
tube	n.	B1		
type	v.	B1		
typically	adv.	B1		
ugly	adj.	B1		
unable	adj.	B1		
uncomfortable	adj.	B1		
underwear	n.	B1		
unemployed	adj.	B1		
unemployment	n.	B1		
unfair	adj.	B1		
union	n.	B1		
unless	conj.	B1		
unlike	prep.	B1		
unlikely	adj.	B1		
unnecessary	adj.	B1		
unpleasant	adj.	B1		
update	v., n.	B1		
upon	prep.	B1		
upset	adj., v.	B1		
used	adj.	B1		1
used	adj.	B1		2
valuable	adj.	B1		
value	n.	B1		
various	adj.	B1		
version	n.	B1		
victim	n.	B1		
view	v.	B1		
viewer	n.	B1		
violent	adj.	B1		
volunteer	n., v.	B1		
vote	n., v.	B1		
warm	v.	B1		
warn	v.	B1		
warning	n.	B1		
waste	n., v., adj.	B1		
water	v.	B1		
wave	v.	B1		
weapon	n.	B1		
weigh	v.	B1		
western	adj.	B1		
whatever	det./pron.	B1		
whenever	conj.	B1		
whether	conj.	B1		
while	n.	B1		
whole	n.	B1		
will	n.	B1		
win	n.	B1		
wing	n.	B1		
within	prep.	B1		
wonder	v., n.	B1		
wool	n.	B1		
worldwide	adj., adv.	B1		
worry	n.	B1		
worse	adv.	B1		
worst	adv.	B1		
worth	adj.	B1		
written	adj.	B1		
wrong	adv.	B1		
young	n.	B1		
youth	n.	B1		
abandon	v.	B2		
abroad	adv.	B2		
absolute	adj.	B2		
absorb	v.	B2		
abstract	adj.	B2		
accent	n.	B2		
acceptable	adj.	B2		
accidentally	adv.	B2		
accommodate	v.	B2		
accommodation	n.	B2		
accompany	v.	B2		
accomplish	v.	B2		
account	v.	B2		
accountant	n.	B2		
accuracy	n.	B2		
accurate	adj.	B2		
accurately	adv.	B2		
accuse	v.	B2		
acid	n.	B2		
acknowledge	v.	B2		
acquire	v.	B2		
acre	n.	B2		
activate	v.	B2		
actual	adj.	B2		
adapt	v.	B2		
additional	adj.	B2		
additionally	adv.	B2		
address	v.	B2		
adequate	adj.	B2		
adequately	adv.	B2		
adjust	v.	B2		
adopt	v.	B2		
advance	n., v., adj.	B2		
affair	n.	B2		
affordable	adj.	B2		
afterward	adv.	B2		
aged	adj.	B2		
agency	n.	B2		
agenda	n.	B2		
aggressive	adj.	B2		
agriculture	n.	B2		
aid	n., v.	B2		
AIDS	n.	B2		
aircraft	n.	B2		
alarm	v.	B2		
alien	n.	B2		
alongside	prep.	B2		
alter	v.	B2		
altogether	adv.	B2		
ambitious	adj.	B2		
ambulance	n.	B2		
amount	v.	B2		
amusing	adj.	B2		
analyst	n.	B2		
ancestor	n.	B2		
anger	n.	B2		
angle	n.	B2		
animation	n.	B2		
anniversary	n.	B2		
annual	adj.	B2		
annually	adv.	B2		
anticipate	v.	B2		
anxiety	n.	B2		
anxious	adj.	B2		
apology	n.	B2		
apparent	adj.	B2		
apparently	adv.	B2		
appeal	n., v.	B2		
applicant	n.	B2		
approach	n., v.	B2		
appropriate	adj.	B2		
appropriately	adv.	B2		
approval	n.	B2		
approve	v.	B2		
arise	v.	B2		
armed	adj.	B2		
arms	n.	B2		
arrow	n.	B2		
artificial	adj.	B2		
artistic	adj.	B2		
artwork	n.	B2		
ashamed	adj.	B2		
aside	adv.	B2		
aspect	n.	B2		
assess	v.	B2		
assessment	n.	B2		
asset	n.	B2		
assign	v.	B2		
assistance	n.	B2		
associate	v.	B2		
associated	adj.	B2		
association	n.	B2		
assume	v.	B2		
assumption	n.	B2		
assure	v.	B2		
astonishing	adj.	B2		
athletic	adj.	B2		
attachment	n.	B2		
attempt	n., v.	B2		
attorney	n.	B2		
audio	adj.	B2		
awareness	n.	B2		
awkward	adj.	B2		
back	v.	B2		
bacteria	n.	B2		
badge	n.	B2		
balanced	adj.	B2		
ballet	n.	B2		
balloon	n.	B2		
bar	v.	B2		
barely	adv.	B2		
bargain	n.	B2		
barrier	n.	B2		
basement	n.	B2		
basically	adv.	B2		
basket	n.	B2		
bat	n.	B2		
battle	v.	B2		
bear	v.	B2	deal with	
beat	n.	B2		
beg	v.	B2		
being	n.	B2		
beneficial	adj.	B2		
bent	adj.	B2		
beside	prep.	B2		
besides	prep., adv.	B2		
bet	v., n.	B2		
beyond	prep., adv.	B2		
bias	n.	B2		
bid	n., v.	B2		
bill	v.	B2		
biological	adj.	B2		
bitter	adj.	B2		
blame	v., n.	B2		
blanket	n.	B2		
blind	adj.	B2		
blow	n.	B2		
bold	adj.	B2		
bombing	n.	B2		
bond	n.	B2		
boost	v., n.	B2		
border	v.	B2		
bound	adj.	B2		
breast	n.	B2		
brick	n.	B2		
brief	adj.	B2		
briefly	adv.	B2		
broad	adj.	B2		
broadcast	v., n.	B2		
broadcaster	n.	B2		
broadly	adv.	B2		
buck	n.	B2		
budget	n.	B2		
bug	n.	B2		
bullet	n.	B2		
bunch	n.	B2		
burn	n.	B2		
bush	n.	B2		
but	prep.	B2		
cabin	n.	B2		
calculate	v.	B2		
canal	n.	B2		
cancel	v.	B2		
cancer	n.	B2		
candle	n.	B2		
capable	adj.	B2		
capacity	n.	B2		
capture	v., n.	B2		
carbon	n.	B2		
cast	n., v.	B2		
castle	n.	B2		
casual	adj.	B2		
catch	n.	B2		
cave	n.	B2		
certainty	n.	B2		
certificate	n.	B2		
chain	v.	B2		
chair	v.	B2		
chairman	n.	B2		
challenge	v.	B2		
challenging	adj.	B2		
championship	n.	B2		
characteristic	n., adj.	B2		
charming	adj.	B2		
chart	v.	B2		
chase	v., n.	B2		
cheek	n.	B2		
cheer	v., n.	B2		
chief	adj., n.	B2		
chop	v.	B2		
circuit	n.	B2		
circumstance	n.	B2		
cite	v.	B2		
citizen	n.	B2		
civil	adj.	B2		
civilization	n.	B2		
clarify	v.	B2		
classic	adj., n.	B2		
classify	v.	B2		
cliff	n.	B2		
clinic	n.	B2		
clip	n.	B2		
close	n.	B2		1
closely	adv.	B2		
coincidence	n.	B2		
collapse	v., n.	B2		
collector	n.	B2		
colony	n.	B2		
colorful	adj.	B2		
combination	n.	B2		
comfort	n., v.	B2		
comic	adj., n.	B2		
command	n., v.	B2		
commander	n.	B2		
commission	n., v.	B2		
commitment	n.	B2		
committee	n.	B2		
commonly	adv.	B2		
comparative	adj.	B2		
completion	n.	B2		
complex	n.	B2		
complicated	adj.	B2		
component	n.	B2		
compose	v.	B2		
composer	n.	B2		
compound	n.	B2		
comprehensive	adj.	B2		
comprise	v.	B2		
compulsory	adj.	B2		
concentration	n.	B2		
concept	n.	B2		
concern	n., v.	B2		
concerned	adj.	B2		
concrete	adj., n.	B2		
conduct	v., n.	B2		
confess	v.	B2		
confidence	n.	B2		
conflict	n., v.	B2		
confusing	adj.	B2		
confusion	n.	B2		
congress	n.	B2		
conscious	adj.	B2		
consequently	adv.	B2		
conservation	n.	B2		
conservative	adj., n.	B2		
considerable	adj.	B2		
considerably	adv.	B2		
consideration	n.	B2		
consistent	adj.	B2		
consistently	adv.	B2		
conspiracy	n.	B2		
constant	adj.	B2		
constantly	adv.	B2		
construct	v.	B2		
construction	n.	B2		
consult	v.	B2		
consultant	n.	B2		
consumption	n.	B2		
contemporary	adj.	B2		
contest	n., v.	B2		
contract	n., v.	B2		
contribute	v.	B2		
contribution	n.	B2		
controversial	adj.	B2		
controversy	n.	B2		
convenience	n.	B2		
convention	n.	B2		
conventional	adj.	B2		
convert	v.	B2		
convey	v.	B2		
convinced	adj.	B2		
convincing	adj.	B2		
cop	n.	B2		
cope	v.	B2		
core	n., adj.	B2		
corporate	adj.	B2		
corporation	n.	B2		
corridor	n.	B2		
council	n.	B2		
counter	n.	B2	long flat surface	
county	n.	B2		
courage	n.	B2		
coverage	n.	B2		
cowboy	n.	B2		
crack	v., n.	B2		
craft	n.	B2		
crash	n., v.	B2		
creation	n.	B2		
creativity	n.	B2		
creature	n.	B2		
credit	v.	B2		
crew	n.	B2		
crisis	n.	B2		
criterion	n.	B2		
critic	n.	B2		
critical	adj.	B2		
critically	adv.	B2		
criticism	n.	B2		
criticize	v.	B2		
crop	n.	B2		
crucial	adj.	B2		
cruise	n., v.	B2		
cry	n.	B2		
cue	n.	B2		
cure	v., n.	B2		
curious	adj.	B2		
current	n.	B2		
curriculum	n.	B2		
curve	n., v.	B2		
curved	adj.	B2		
cute	adj.	B2		
dairy	n., adj.	B2		
dare	v.	B2		
darkness	n.	B2		
database	n.	B2		
date	v.	B2		
deadline	n.	B2		
deadly	adj.	B2		
dealer	n.	B2		
debate	n., v.	B2		
debt	n.	B2		
decent	adj.	B2		
deck	n.	B2		
declare	v.	B2		
decline	v., n.	B2		
decorate	v.	B2		
decoration	n.	B2		
decrease	v., n.	B2		
deeply	adv.	B2		
defeat	v., n.	B2		
defend	v.	B2		
defender	n.	B2		
defense	n.	B2		
delay	v., n.	B2		
delete	v.	B2		
deliberate	adj.	B2		
deliberately	adv.	B2		
delighted	adj.	B2		
delivery	n.	B2		
demand	n., v.	B2		
democracy	n.	B2		
democratic	adj.	B2		
demonstrate	v.	B2		
demonstration	n.	B2		
deny	v.	B2		
depart	v.	B2		
dependent	adj.	B2		
deposit	n., v.	B2		
depressed	adj.	B2		
depressing	adj.	B2		
depth	n.	B2		
derive	v.	B2		
desert	v.	B2		
deserve	v.	B2		
desire	n., v.	B2		
desperate	adj.	B2		
desperately	adv.	B2		
destruction	n.	B2		
detail	v.	B2		
detailed	adj.	B2		
detect	v.	B2		
determination	n.	B2		
devote	v.	B2		
differ	v.	B2		
dig	v.	B2		
dime	n.	B2		
disability	n.	B2		
disabled	adj.	B2		
disagreement	n.	B2		
disappoint	v.	B2		
disappointment	n.	B2		
discipline	n.	B2		
discount	v.	B2		
discourage	v.	B2		
dishonest	adj.	B2		
disk	n.	B2		
dismiss	v.	B2		
disorder	n.	B2		
display	v., n.	B2		
distant	adj.	B2		
distinct	adj.	B2		
distinguish	v.	B2		
distract	v.	B2		
distribute	v.	B2		
distribution	n.	B2		
disturb	v.	B2		
dive	v., n.	B2		
diverse	adj.	B2		
diversity	n.	B2		
divide	n.	B2		
division	n.	B2		
divorce	n., v.	B2		
document	v.	B2		
domestic	adj.	B2		
dominant	adj.	B2		
dominate	v.	B2		
donation	n.	B2		
dot	n.	B2		
downward	adj., adv.	B2		
dozen	n., det.	B2		
draft	n., v.	B2		
drag	v.	B2		
dramatic	adj.	B2		
dramatically	adv.	B2		
drought	n.	B2		
dull	adj.	B2		
dump	v.	B2		
duration	n.	B2		
dynamic	adj.	B2		
eager	adj.	B2		
economics	n.	B2		
economist	n.	B2		
edit	v.	B2		
edition	n.	B2		
editorial	adj.	B2		
efficient	adj.	B2		
efficiently	adv.	B2		
elbow	n.	B2		
elderly	adj.	B2		
elect	v.	B2		
electronics	n.	B2		
elegant	adj.	B2		
elementary	adj.	B2		
eliminate	v.	B2		
elsewhere	adv.	B2		
embrace	v.	B2		
emerge	v.	B2		
emission	n.	B2		
emotional	adj.	B2		
emotionally	adv.	B2		
emphasis	n.	B2		
emphasize	v.	B2		
empire	n.	B2		
enable	v.	B2		
encounter	v., n.	B2		
engage	v.	B2		
enhance	v.	B2		
enjoyable	adj.	B2		
ensure	v.	B2		
entertaining	adj.	B2		
enthusiasm	n.	B2		
enthusiastic	adj.	B2		
entire	adj.	B2		
entirely	adv.	B2		
entrepreneur	n.	B2		
envelope	n.	B2		
equal	n.	B2		
equip	v.	B2		
equivalent	n., adj.	B2		
era	n.	B2		
erupt	v.	B2		
essentially	adv.	B2		
establish	v.	B2		
estate	n.	B2		
estimate	v., n.	B2		
ethic	n.	B2		
ethical	adj.	B2		
ethnic	adj.	B2		
evaluate	v.	B2		
evaluation	n.	B2		
even	adj.	B2		
evident	adj.	B2		
evil	adj., n.	B2		
evolution	n.	B2		
evolve	v.	B2		
examination	n.	B2		
exceed	v.	B2		
exception	n.	B2		
excessive	adj.	B2		
exclude	v.	B2		
excuse	n., v.	B2		
executive	n., adj.	B2		
exhibit	v., n.	B2		
existence	n.	B2		
exit	v.	B2		
exotic	adj.	B2		
expansion	n.	B2		
expectation	n.	B2		
expedition	n.	B2		
expense	n.	B2		
expertise	n.	B2		
exploit	v.	B2		
exploration	n.	B2		
expose	v.	B2		
exposure	n.	B2		
extend	v.	B2		
extension	n.	B2		
extensive	adj.	B2		
extensively	adv.	B2		
extent	n.	B2		
external	adj.	B2		
extract	n.	B2		
extraordinary	adj.	B2		
extreme	n.	B2		
fabric	n.	B2		
fabulous	adj.	B2		
facility	n.	B2		
faculty	n.	B2		
failed	adj.	B2		
failure	n.	B2		
faith	n.	B2		
fake	adj.	B2		
fame	n.	B2		
fantasy	n.	B2		
fare	n.	B2		
fault	n.	B2		
favor	v.	B2		
feather	n.	B2		
fee	n.	B2		
feed	n.	B2		
feedback	n.	B2		
feel	n.	B2		
fellow	adj.	B2		
figure	v.	B2		
file	v.	B2		
finance	n., v.	B2		
finding	n.	B2		
firefighter	n.	B2		
firework	n.	B2		
firm	n.	B2		
firm	adj.	B2		
firmly	adv.	B2		
fix	n.	B2		
flame	n.	B2		
flash	n., v.	B2		
flavor	n.	B2		
flexible	adj.	B2		
float	v.	B2		
fold	n.	B2		
folding	adj.	B2		
following	prep.	B2		
fond	adj.	B2		
fool	n.	B2		
forbid	v.	B2		
forecast	n., v.	B2		
forgive	v.	B2		
format	n.	B2		
formation	n.	B2		
former	adj.	B2		
formerly	adv.	B2		
fortunate	adj.	B2		
fortune	n.	B2		
forum	n.	B2		
forward	adj.	B2		
fossil	n.	B2		
found	v.	B2		
foundation	n.	B2		
founder	n.	B2		
fraction	n.	B2		
fragment	n.	B2		
framework	n.	B2		
fraud	n.	B2		
free	v.	B2		
freedom	n.	B2		
freely	adv.	B2		
frequency	n.	B2		
frequent	adj.	B2		
fuel	v.	B2		
fulfill	v.	B2		
full-time	adj./adv.	B2		
fully	adv.	B2		
function	v.	B2		
fund	n., v.	B2		
fundamental	adj.	B2		
fundamentally	adv.	B2		
funding	n.	B2		
furious	adj.	B2		
furthermore	adv.	B2		
gain	v., n.	B2		
gallon	n.	B2		
gaming	n.	B2		
gang	n.	B2		
gay	adj.	B2		
gender	n.	B2		
gene	n.	B2		
generate	v.	B2		
genetic	adj.	B2		
genius	n.	B2		
genre	n.	B2		
genuine	adj.	B2		
genuinely	adv.	B2		
gesture	n.	B2		
globalization	n.	B2		
globe	n.	B2		
golden	adj.	B2		
goodness	n.	B2		
goods	n.	B2		
gorgeous	adj.	B2		
govern	v.	B2		
governor	n.	B2		
grab	v.	B2		
grade	v.	B2		
gradually	adv.	B2		
grand	adj.	B2		
grant	v., n.	B2		
graphic	adj.	B2		
graphics	n.	B2		
greatly	adv.	B2		
greenhouse	n.	B2		
guarantee	v., n.	B2		
guideline	n.	B2		
habitat	n.	B2		
handle	v., n.	B2		
harbor	n.	B2		
harm	n., v.	B2		
harmful	adj.	B2		
headquarters	n.	B2		
heal	v.	B2		
healthcare	n.	B2		
hearing	n.	B2		
heaven	n.	B2		
heel	n.	B2		
hell	n.	B2		
helmet	n.	B2		
hence	adv.	B2		
herb	n.	B2		
hesitate	v.	B2		
hidden	adj.	B2		
high	n.	B2		
hilarious	adj.	B2		
hip	n.	B2		
hire	n.	B2		
historian	n.	B2		
hold	n.	B2		
hollow	adj.	B2		
holy	adj.	B2		
homeless	adj.	B2		
honesty	n.	B2		
honey	n.	B2		
honor	n., v.	B2		
hook	n.	B2		
hopefully	adv.	B2		
host	v.	B2		
house	v.	B2		
household	n.	B2		
housing	n.	B2		
humor	n.	B2		
humorous	adj.	B2		
hunger	n.	B2		
hunt	n.	B2		
hunting	n.	B2		
hurt	n.	B2		
hypothesis	n.	B2		
icon	n.	B2		
ID	n.	B2		
ideal	n.	B2		
identical	adj.	B2		
illusion	n.	B2		
illustrate	v.	B2		
illustration	n.	B2		
imagination	n.	B2		
immigration	n.	B2		
immune	adj.	B2		
impatient	adj.	B2		
implement	v.	B2		
implication	n.	B2		
imply	v.	B2		
impose	v.	B2		
impress	v.	B2		
impressed	adj.	B2		
incentive	n.	B2		
inch	n.	B2		
incident	n.	B2		
income	n.	B2		
incorporate	v.	B2		
incorrect	adj.	B2		
increasingly	adv.	B2		
independence	n.	B2		
index	n.	B2		
indication	n.	B2		
industrial	adj.	B2		
inevitable	adj.	B2		
inevitably	adv.	B2		
infection	n.	B2		
infer	v.	B2		
inflation	n.	B2		
info	n.	B2		
inform	v.	B2		
infrastructure	n.	B2		
inhabitant	n.	B2		
inherit	v.	B2		
initial	adj.	B2		
initially	adv.	B2		
initiative	n.	B2		
ink	n.	B2		
inner	adj.	B2		
innovation	n.	B2		
innovative	adj.	B2		
input	n.	B2		
inquiry	n.	B2		
insert	v.	B2		
insight	n.	B2		
insist	v.	B2		
inspector	n.	B2		
inspire	v.	B2		
install	v.	B2		
installation	n.	B2		
instance	n.	B2		
instant	adj.	B2		
instantly	adv.	B2		
institute	n.	B2		
institution	n.	B2		
insurance	n.	B2		
integrate	v.	B2		
intellectual	adj.	B2		
intended	adj.	B2		
intense	adj.	B2		
interact	v.	B2		
interaction	n.	B2		
internal	adj.	B2		
interpret	v.	B2		
interpretation	n.	B2		
interrupt	v.	B2		
interval	n.	B2		
invade	v.	B2		
invasion	n.	B2		
investigation	n.	B2		
investment	n.	B2		
investor	n.	B2		
isolate	v.	B2		
isolated	adj.	B2		
issue	v.	B2		
jail	n., v.	B2		
jet	n.	B2		
joint	adj., n.	B2		
journalism	n.	B2		
joy	n.	B2		
judgment	n.	B2		
junior	adj.	B2		
jury	n.	B2		
justice	n.	B2		
justify	v.	B2		
kindergarten	n.	B2		
kit	n.	B2		
labor	n.	B2		
ladder	n.	B2		
landing	n.	B2		
landscape	n.	B2		
lane	n.	B2		
largely	adv.	B2		
lately	adv.	B2		
latest	n.	B2		
launch	v., n.	B2		
leadership	n.	B2		
league	n.	B2		
lean	v.	B2		
leave	n.	B2		
legend	n.	B2		
lens	n.	B2		
level	v.	B2		
license	n.	B2		
lifetime	n.	B2		
lighting	n.	B2		
likewise	adv.	B2		
limitation	n.	B2		
limited	adj.	B2		
line	v.	B2		
literally	adv.	B2		
literary	adj.	B2		
litter	n.	B2		
lively	adj.	B2		
load	n., v.	B2		
loan	n.	B2		
logical	adj.	B2		
logo	n.	B2		
long-term	adj., adv.	B2		
loose	adj.	B2		
lord	n.	B2		
lottery	n.	B2		
low	n.	B2		
lower	v.	B2		
loyal	adj.	B2		
lung	n.	B2		
lyric	n.	B2		
maintain	v.	B2		
major	n.	B2		
majority	n.	B2		
make	n.	B2		
makeup	n.	B2		
making	n.	B2		
manufacture	v.	B2		
manufacturing	n.	B2		
map	v.	B2		
marathon	n.	B2		
margin	n.	B2		
marker	n.	B2		
martial	adj.	B2		
mass	n., adj.	B2		
massive	adj.	B2		
master	n., v.	B2		
matching	adj.	B2		
mate	n., v.	B2		
material	adj.	B2		
maximum	adj., n.	B2		
means	n.	B2		
measurement	n.	B2		
mechanic	n.	B2		
mechanical	adj.	B2		
mechanism	n.	B2		
medal	n.	B2		
medication	n.	B2		
medium	n.	B2		
melt	v.	B2		
membership	n.	B2		
memorable	adj.	B2		
metaphor	n.	B2		
military	adj., n.	B2		
miner	n.	B2		
mineral	n.	B2		
minimum	adj., n.	B2		
minister	n.	B2		
minor	adj.	B2		
minority	n.	B2		
miserable	adj.	B2		
mission	n.	B2		
mistake	v.	B2		
mixed	adj.	B2		
mode	n.	B2		
model	v.	B2		
modest	adj.	B2		
modify	v.	B2		
monitor	n., v.	B2		
monster	n.	B2		
monthly	adj.	B2		
monument	n.	B2		
moral	adj., n.	B2		
moreover	adv.	B2		
mortgage	n.	B2		
mosque	n.	B2		
mosquito	n.	B2		
motion	n.	B2		
motivate	v.	B2		
motivation	n.	B2		
motor	n., adj.	B2		
mount	v.	B2		
moving	adj.	B2		
multiple	adj.	B2		
multiply	v.	B2		
mysterious	adj.	B2		
myth	n.	B2		
naked	adj.	B2		
narrow	v.	B2		
nasty	adj.	B2		
national	n.	B2		
navigation	n.	B2		
nearby	adj., adv.	B2		
necessity	n.	B2		
negative	n.	B2		
negotiate	v.	B2		
negotiation	n.	B2		
nerve	n.	B2		
neutral	adj.	B2		
nevertheless	adv.	B2		
newly	adv.	B2		
nickel	n.	B2		
nightmare	n.	B2		
norm	n.	B2		
notebook	n.	B2		
notion	n.	B2		
novelist	n.	B2		
nowadays	adv.	B2		
numerous	adj.	B2		
nursing	adj.	B2		
nutrition	n.	B2		
obesity	n.	B2		
obey	v.	B2		
object	v.	B2		
objective	n., adj.	B2		
obligation	n.	B2		
observation	n.	B2		
observe	v.	B2		
observer	n.	B2		
obstacle	n.	B2		
obtain	v.	B2		
occasionally	adv.	B2		
occupation	n.	B2		
occupy	v.	B2		
offend	v.	B2		
offender	n.	B2		
offense	n.	B2		
offensive	adj.	B2		
official	n.	B2		
ongoing	adj.	B2		
opening	n.	B2		
openly	adv.	B2		
opera	n.	B2		
operate	v.	B2		
operator	n.	B2		
opponent	n.	B2		
oppose	v.	B2		
opposed	adj.	B2		
opposition	n.	B2		
optimistic	adj.	B2		
orchestra	n.	B2		
organ	n.	B2		
organic	adj.	B2		
origin	n.	B2		
otherwise	adv.	B2		
outcome	n.	B2		
outer	adj.	B2		
outfit	n.	B2		
outline	n., v.	B2		
output	n.	B2		
outstanding	adj.	B2		
overall	adj., adv.	B2		
overcome	v.	B2		
overnight	adv.	B2		
owe	v.	B2		
ownership	n.	B2		
oxygen	n.	B2		
pace	n., v.	B2		
package	v.	B2		
packet	n.	B2		
palm	n.	B2		
panel	n.	B2		
panic	n.	B2		
parade	n.	B2		
parallel	adj., n.	B2		
part-time	adj./adv.	B2		
participant	n.	B2		
participation	n.	B2		
partly	adv.	B2		
partnership	n.	B2		
passage	n.	B2		
passionate	adj.	B2		
password	n.	B2		
patch	n.	B2		
patience	n.	B2		
patient	adj.	B2		
pause	v., n.	B2		
peer	n.	B2		
penalty	n.	B2		
perceive	v.	B2		
perception	n.	B2		
permanent	adj.	B2		
permanently	adv.	B2		
permit	v., n.	B2		
perspective	n.	B2		
pharmacy	n.	B2		
phase	n.	B2		
phenomenon	n.	B2		
philosophy	n.	B2		
physician	n.	B2		
pick	n.	B2		
picture	v.	B2		
pile	n., v.	B2		
pill	n.	B2		
pitch	n.	B2		
pity	n.	B2		
placement	n.	B2		
plain	adj.	B2		
plot	v.	B2		
plus	adj., n., conj.	B2		1
pointed	adj.	B2		
popularity	n.	B2		
portion	n.	B2		
pose	v.	B2		
position	v.	B2		
positive	n.	B2		
possess	v.	B2		
potential	adj., n.	B2		
potentially	adv.	B2		
power	v.	B2		
praise	n., v.	B2		
precede	v.	B2		
precious	adj.	B2		
precise	adj.	B2		
precisely	adv.	B2		
predictable	adj.	B2		
preference	n.	B2		
pregnant	adj.	B2		
preparation	n.	B2		
presence	n.	B2		
preserve	v.	B2		
presidential	adj.	B2		
price	v.	B2		
pride	n.	B2		
primarily	adv.	B2		
prime	adj.	B2		
principal	adj.	B2		
principle	n.	B2		
print	n.	B2		
prior	adj.	B2		
priority	n.	B2		
privacy	n.	B2		
probability	n.	B2		
probable	adj.	B2		
procedure	n.	B2		
proceed	v.	B2		
process	v.	B2		
produce	n.	B2		
professional	n.	B2		
programming	n.	B2		
progress	v.	B2		
progressive	adj.	B2		
prohibit	v.	B2		
project	v.	B2		
promising	adj.	B2		
promotion	n.	B2		
prompt	v.	B2		
proof	n.	B2		
proportion	n.	B2		
proposal	n.	B2		
propose	v.	B2		
prospect	n.	B2		
protection	n.	B2		
protein	n.	B2		
protester	n.	B2		
psychological	adj.	B2		
psychologist	n.	B2		
psychology	n.	B2		
publication	n.	B2		
publicity	n.	B2		
publishing	n.	B2		
punk	n.	B2		
purchase	n., v.	B2		
pure	adj.	B2		
purely	adv.	B2		
pursue	v.	B2		
pursuit	n.	B2		
puzzle	n.	B2		
questionnaire	n.	B2		
racial	adj.	B2		
racism	n.	B2		
racist	adj., n.	B2		
radiation	n.	B2		
rail	n.	B2		
random	adj.	B2		
range	v.	B2		
rank	n., v.	B2		
rapid	adj.	B2		
rapidly	adv.	B2		
rat	n.	B2		
rate	v.	B2		
rating	n.	B2		
raw	adj.	B2		
reach	n.	B2		
realistic	adj.	B2		
reasonable	adj.	B2		
reasonably	adv.	B2		
rebuild	v.	B2		
recall	v.	B2		
receiver	n.	B2		
recession	n.	B2		
reckon	v.	B2		
recognition	n.	B2		
recover	v.	B2		
recovery	n.	B2		
recruit	v., n.	B2		
reduction	n.	B2		
referee	n.	B2		
refugee	n.	B2		
regard	v., n.	B2		
regional	adj.	B2		
register	v., n.	B2		
registration	n.	B2		
regret	v., n.	B2		
regulate	v.	B2		
regulation	n.	B2		
reinforce	v.	B2		
relatively	adv.	B2		
relevant	adj.	B2		
relief	n.	B2		
relieve	v.	B2		
relieved	adj.	B2		
rely	v.	B2		
remark	n., v.	B2		
remarkable	adj.	B2		
remarkably	adv.	B2		
rental	n.	B2		
reporting	n.	B2		
representative	n., adj.	B2		
reputation	n.	B2		
requirement	n.	B2		
rescue	v., n.	B2		
reserve	n., v.	B2		
resident	n., adj.	B2		
resign	v.	B2		
resist	v.	B2		
resolution	n.	B2		
resolve	v.	B2		
resort	n.	B2		
restore	v.	B2		
restrict	v.	B2		
restriction	n.	B2		
résumé	n.	B2		
retail	n.	B2		
retain	v.	B2		
retirement	n.	B2		
reveal	v.	B2		
revenue	n.	B2		
revision	n.	B2		
revolution	n.	B2		
reward	n., v.	B2		
rhythm	n.	B2		
rid	v.	B2		
ridiculous	adj.	B2		
rise	n.	B2		
risky	adj.	B2		
rival	n., adj.	B2		
rob	v.	B2		
robbery	n.	B2		
rocket	n.	B2		
romance	n.	B2		
root	n.	B2		
rose	n.	B2		
roughly	adv.	B2		
round	n.	B2		
routine	adj.	B2		
rub	v.	B2		
rubber	n., adj.	B2		
ruin	v., n.	B2		
rural	adj.	B2		
rush	v., n.	B2		
sample	v.	B2		
satellite	n.	B2		
satisfaction	n.	B2		
satisfied	adj.	B2		
satisfy	v.	B2		
saving	n.	B2		
scale	n.	B2		
scandal	n.	B2		
scare	v., n.	B2		
scenario	n.	B2		
schedule	v.	B2		
scholar	n.	B2		
scholarship	n.	B2		
scratch	v., n.	B2		
scream	v., n.	B2		
screen	v.	B2		
screening	n.	B2		
seat	v.	B2		
sector	n.	B2		
secure	v., adj.	B2		
seek	v.	B2		
seeker	n.	B2		
select	v.	B2		
selection	n.	B2		
self	n.	B2		
seminar	n.	B2		
senate	n.	B2		
senator	n.	B2		
senior	adj.	B2		
sense	v.	B2		
sensitive	adj.	B2		
sentence	v.	B2		
sequence	n.	B2		
session	n.	B2		
settle	v.	B2		
settler	n.	B2		
severe	adj.	B2		
severely	adv.	B2		
sexy	adj.	B2		
shade	n.	B2		
shadow	n.	B2		
shall	modal v.	B2		
shallow	adj.	B2		
shame	n.	B2		
shape	v.	B2		
shaped	adj.	B2		
shelter	n., v.	B2		
shift	v.	B2		
ship	v.	B2		
shock	n., v.	B2		
shocked	adj.	B2		
shocking	adj.	B2		
shooting	n.	B2		
shore	n.	B2		
short-term	adj.	B2		
shortage	n.	B2		
shortly	adv.	B2		
shot	n.	B2		
sibling	n.	B2		
sidewalk	n.	B2		
signature	n.	B2		
significance	n.	B2		
significant	adj.	B2		
significantly	adv.	B2		
silence	n.	B2		
silk	n.	B2		
sincere	adj.	B2		
skilled	adj.	B2		
skull	n.	B2		
slide	v., n.	B2		
slight	adj.	B2		
slip	v.	B2		
slogan	n.	B2		
slope	n., v.	B2		
so-called	adj.	B2		
solar	adj.	B2		
somehow	adv.	B2		
sometime	adv.	B2		
somewhat	adv.	B2		
sophisticated	adj.	B2		
soul	n.	B2		
spare	adj.	B2		
specialist	n., adj.	B2		
specialize	v.	B2		
species	n.	B2		
specify	v.	B2		
spectacular	adj.	B2		
spectator	n.	B2		
speculate	v.	B2		
speculation	n.	B2		
speed	v.	B2		
spice	n.	B2		
spill	v.	B2		
spiritual	adj.	B2		
spite	n.	B2		
split	v., n.	B2		
spoil	v.	B2		
spokesman	n.	B2		
spokesperson	n.	B2		
spokeswoman	n.	B2		
sponsor	v., n.	B2		
sponsorship	n.	B2		
spot	v.	B2		
spread	n.	B2		
stable	adj.	B2		
stage	v.	B2		
stall	n.	B2		
stance	n.	B2		
stand	n.	B2		
stare	v.	B2		
starve	v.	B2		
status	n.	B2		
steadily	adv.	B2		
steady	adj.	B2		
steam	n.	B2		
steel	n.	B2		
steep	adj.	B2		
step	v.	B2		
sticky	adj.	B2		
stiff	adj.	B2		
stimulate	v.	B2		
stock	n.	B2		
stream	n.	B2		
strengthen	v.	B2		
stretch	v., n.	B2		
strict	adj.	B2		
strictly	adv.	B2		
strike	v., n.	B2		
stroke	n.	B2		
structure	v.	B2		
struggle	v., n.	B2		
stuff	v.	B2		
stunning	adj.	B2		
subject	adj.	B2		
submit	v.	B2		
subsequent	adj.	B2		
subsequently	adv.	B2		
suburb	n.	B2		
suffering	n.	B2		
sufficient	adj.	B2		
sufficiently	adv.	B2		
sum	n., v.	B2		
super	adj.	B2		
surgeon	n.	B2		
surgery	n.	B2		
surround	v.	B2		
surrounding	adj.	B2		
survey	v.	B2		
survival	n.	B2		
survivor	n.	B2		
suspect	v., n.	B2		
suspend	v.	B2		
sustainable	adj.	B2		
swallow	v.	B2		
swear	v.	B2		
sweep	v.	B2		
switch	n.	B2		
sympathetic	adj.	B2		
sympathy	n.	B2		
tackle	v.	B2		
tag	n.	B2		
tale	n.	B2		
tank	n.	B2		
tap	v., n.	B2		
target	v.	B2		
tear	v., n.	B2		1
tear	n.	B2		2
technological	adj.	B2		
teen	n.	B2		
temple	n.	B2		
temporarily	adv.	B2		
temporary	adj.	B2		
tendency	n.	B2		
tension	n.	B2		
term	v.	B2		
terminal	n.	B2		
terms	n.	B2		
terribly	adv.	B2		
terrify	v.	B2		
territory	n.	B2		
terror	n.	B2		
terrorism	n.	B2		
terrorist	n.	B2		
testing	n.	B2		
textbook	n.	B2		
theft	n.	B2		
therapist	n.	B2		
therapy	n.	B2		
thesis	n.	B2		
thorough	adj.	B2		
thoroughly	adv.	B2		
threat	n.	B2		
threaten	v.	B2		
thumb	n.	B2		
thus	adv.	B2		
time	v.	B2		
timing	n.	B2		
tissue	n.	B2		
title	v.	B2		
tone	n.	B2		
tough	adj.	B2		
tournament	n.	B2		
trace	v.	B2		
track	v.	B2		
trading	n.	B2		
tragedy	n.	B2		
tragic	adj.	B2		
trait	n.	B2		
transfer	v., n.	B2		
transform	v.	B2		
transition	n.	B2		
transmit	v.	B2		
trap	v., n.	B2		
treasure	n.	B2		
trial	n.	B2		
tribe	n.	B2		
trigger	v.	B2		
trillion	number	B2		
trip	v.	B2		
troop	n.	B2		
tropical	adj.	B2		
trouble	v.	B2		
truly	adv.	B2		
trust	n., v.	B2		
try	n.	B2		
tsunami	n.	B2		
tune	n.	B2		
tunnel	n.	B2		
ultimate	adj.	B2		
ultimately	adv.	B2		
unacceptable	adj.	B2		
uncertainty	n.	B2		
unconscious	adj.	B2		
undergo	v.	B2		
undertake	v.	B2		
unexpected	adj.	B2		
unfold	v.	B2		
unfortunate	adj.	B2		
unique	adj.	B2		
unite	v.	B2		
unity	n.	B2		
universal	adj.	B2		
universe	n.	B2		
unknown	adj.	B2		
upper	adj.	B2		
upward	adv.	B2		
urban	adj.	B2		
urge	v.	B2		
urgent	adj.	B2		
usage	n.	B2		
useless	adj.	B2		
valid	adj.	B2		
value	v.	B2		
van	n.	B2		
variation	n.	B2		
vary	v.	B2		
vast	adj.	B2		
venue	n.	B2		
vertical	adj.	B2		
very	adj.	B2		
via	prep.	B2		
victory	n.	B2		
viewpoint	n.	B2		
violence	n.	B2		
virtual	adj.	B2		
visa	n.	B2		
visible	adj.	B2		
vision	n.	B2		
visual	adj.	B2		
vital	adj.	B2		
vitamin	n.	B2		
volume	n.	B2		
voluntary	adj.	B2		
voting	n.	B2		
wage	n.	B2		
wander	v.	B2		
warming	n.	B2		
way	adv.	B2		
weakness	n.	B2		
wealth	n.	B2		
wealthy	adj.	B2		
weekly	adj.	B2		
weird	adj.	B2		
welfare	n.	B2		
wheat	n.	B2		
whereas	conj.	B2		
wherever	conj.	B2		
whisper	v., n.	B2		
whoever	pron.	B2		
whom	pron.	B2		
widely	adv.	B2		
widespread	adj.	B2		
wildlife	n.	B2		
willing	adj.	B2		
wind	v.	B2		2
wire	n.	B2		
wisdom	n.	B2		
wise	adj.	B2		
withdraw	v.	B2		
witness	n., v.	B2		
wolf	n.	B2		
workforce	n.	B2		
workplace	n.	B2		
workshop	n.	B2		
worm	n.	B2		
worse	n.	B2		
worst	n.	B2		
worth	n.	B2		
wound	n., v.	B2		
wrap	v.	B2		
wrist	n.	B2		
wrong	n.	B2		
yet	conj.	B2		
zone	n.	B2		
abolish	v.	C1		
abortion	n.	C1		
absence	n.	C1		
absent	adj.	C1		
absurd	adj.	C1		
abuse	n., v.	C1		
academy	n.	C1		
accelerate	v.	C1		
acceptance	n.	C1		
accessible	adj.	C1		
accomplishment	n.	C1		
accordingly	adv.	C1		
accountability	n.	C1		
accountable	adj.	C1		
accumulate	v.	C1		
accumulation	n.	C1		
accusation	n.	C1		
accused	n.	C1		
acid	adj.	C1		
acquisition	n.	C1		
activation	n.	C1		
activist	n.	C1		
acute	adj.	C1		
adaptation	n.	C1		
adhere	v.	C1		
adjacent	adj.	C1		
adjustment	n.	C1		
administer	v.	C1		
administrative	adj.	C1		
administrator	n.	C1		
admission	n.	C1		
adolescent	n.	C1		
adoption	n.	C1		
adverse	adj.	C1		
advocate	n., v.	C1		
aesthetic	adj.	C1		
affection	n.	C1		
aftermath	n.	C1		
aggression	n.	C1		
agricultural	adj.	C1		
aide	n.	C1		
alert	v., n., adj.	C1		
alien	adj.	C1		
align	v.	C1		
alignment	n.	C1		
alike	adv., adj.	C1		
allegation	n.	C1		
allege	v.	C1		
allegedly	adv.	C1		
alliance	n.	C1		
allocate	v.	C1		
allocation	n.	C1		
allowance	n.	C1		
ally	n.	C1		
aluminum	n.	C1		
amateur	adj., n.	C1		
ambassador	n.	C1		
amend	v.	C1		
amendment	n.	C1		
amid	prep.	C1		
analogy	n.	C1		
anchor	n.	C1		
angel	n.	C1		
anonymous	adj.	C1		
apparatus	n.	C1		
apparel	n.	C1		
appealing	adj.	C1		
appetite	n.	C1		
applaud	v.	C1		
applicable	adj.	C1		
appoint	v.	C1		
appreciation	n.	C1		
arbitrary	adj.	C1		
architectural	adj.	C1		
archive	n.	C1		
arena	n.	C1		
arm	v.	C1		
array	n.	C1		
articulate	v.	C1		
ash	n.	C1		
aspiration	n.	C1		
aspire	v.	C1		
assassination	n.	C1		
assault	n., v.	C1		
assemble	v.	C1		
assembly	n.	C1		
assert	v.	C1		
assertion	n.	C1		
assurance	n.	C1		
asylum	n.	C1		
atrocity	n.	C1		
attain	v.	C1		
attendance	n.	C1		
attribute	v., n.	C1		
auction	n.	C1		
audit	n.	C1		
authentic	adj.	C1		
authorize	v.	C1		
auto	n.	C1		
autonomy	n.	C1		
autumn	n.	C1		
availability	n.	C1		
await	v.	C1		
backdrop	n.	C1		
backing	n.	C1		
backup	n.	C1		
bail	n.	C1		
ballot	n.	C1		
bankruptcy	n.	C1		
banner	n.	C1		
bare	adj.	C1		
barrel	n.	C1		
bass	n.	C1		1
bat	v.	C1		
battlefield	n.	C1		
bay	n.	C1		
beam	n.	C1		
beast	n.	C1		
behalf	n.	C1		
behavioral	adj.	C1		
beloved	adj.	C1		
bench	n.	C1		
benchmark	n.	C1		
beneath	prep.	C1		
beneficiary	n.	C1		
betray	v.	C1		
beverage	n.	C1		
bind	v.	C1		
biography	n.	C1		
bishop	n.	C1		
bizarre	adj.	C1		
blade	n.	C1		
blast	n., v.	C1		
bleed	v.	C1		
blend	v., n.	C1		
bless	v.	C1		
blessing	n.	C1		
boast	v.	C1		
bonus	n.	C1		
booking	n.	C1		
boom	n.	C1		
bounce	v.	C1		
boundary	n.	C1		
bow	v., n.	C1		1
breach	n., v.	C1		
breakdown	n.	C1		
breakthrough	n.	C1		
breed	v., n.	C1		
broadband	n.	C1		
browser	n.	C1		
brutal	adj.	C1		
buddy	n.	C1		
buffer	n.	C1		
bulk	n.	C1		
burden	n.	C1		
bureaucracy	n.	C1		
burial	n.	C1		
burst	v.	C1		
cabinet	n.	C1		
calculation	n.	C1		
canvas	n.	C1		
capability	n.	C1		
capitalism	n.	C1		
capitalist	adj.	C1		
cargo	n.	C1		
carriage	n.	C1		
carve	v.	C1		
casino	n.	C1		
casualty	n.	C1		
catalog	n.	C1		
cater	v.	C1		
cattle	n.	C1		
caution	n.	C1		
cautious	adj.	C1		
cease	v.	C1		
cemetery	n.	C1		
chamber	n.	C1		
chaos	n.	C1		
characterize	v.	C1		
charm	n.	C1		
charter	n.	C1		
choir	n.	C1		
chronic	adj.	C1		
chunk	n.	C1		
circulate	v.	C1		
circulation	n.	C1		
citizenship	n.	C1		
civic	adj.	C1		
civilian	n., adj.	C1		
clarity	n.	C1		
clash	n.	C1		
classification	n.	C1		
cling	v.	C1		
clinical	adj.	C1		
closure	n.	C1		
cluster	n.	C1		
coalition	n.	C1		
coastal	adj.	C1		
cocktail	n.	C1		
cognitive	adj.	C1		
coincide	v.	C1		
collaborate	v.	C1		
collaboration	n.	C1		
collective	adj.	C1		
collision	n.	C1		
colonial	adj.	C1		
columnist	n.	C1		
combat	n., v.	C1		
commence	v.	C1		
commentary	n.	C1		
commentator	n.	C1		
commerce	n.	C1		
commissioner	n.	C1		
commodity	n.	C1		
communist	adj.	C1		
companion	n.	C1		
comparable	adj.	C1		
compassion	n.	C1		
compel	v.	C1		
compelling	adj.	C1		
compensate	v.	C1		
compensation	n.	C1		
competence	n.	C1		
competent	adj.	C1		
compile	v.	C1		
complement	v.	C1		
complexity	n.	C1		
compliance	n.	C1		
complication	n.	C1		
comply	v.	C1		
composition	n.	C1		
compromise	n., v.	C1		
compute	v.	C1		
conceal	v.	C1		
concede	v.	C1		
conceive	v.	C1		
conception	n.	C1		
concession	n.	C1		
condemn	v.	C1		
confer	v.	C1		
confession	n.	C1		
configuration	n.	C1		
confine	v.	C1		
confirmation	n.	C1		
confront	v.	C1		
confrontation	n.	C1		
congratulate	v.	C1		
congregation	n.	C1		
congressional	adj.	C1		
conquer	v.	C1		
conscience	n.	C1		
consciousness	n.	C1		
consecutive	adj.	C1		
consensus	n.	C1		
consent	n., v.	C1		
conserve	v.	C1		
consistency	n.	C1		
consolidate	v.	C1		
constitute	v.	C1		
constitution	n.	C1		
constitutional	adj.	C1		
constraint	n.	C1		
consultation	n.	C1		
contemplate	v.	C1		
contempt	n.	C1		
contend	v.	C1		
contender	n.	C1		
content	adj.	C1		2
contention	n.	C1		
continually	adv.	C1		
contractor	n.	C1		
contradiction	n.	C1		
contrary	adj., n.	C1		
contributor	n.	C1		
conversion	n.	C1		
convict	v.	C1		
conviction	n.	C1		
cooperate	v.	C1		
cooperative	adj.	C1		
coordinate	v.	C1		
coordination	n.	C1		
coordinator	n.	C1		
copper	n.	C1		
copyright	n.	C1		
correction	n.	C1		
correlate	v.	C1		
correlation	n.	C1		
correspond	v.	C1		
correspondence	n.	C1		
correspondent	n.	C1		
corresponding	adj.	C1		
corrupt	adj.	C1		
corruption	n.	C1		
costly	adj.	C1		
councilor	n.	C1		
counseling	n.	C1		
counselor	n.	C1		
counter	v.	C1	argue against	
counterpart	n.	C1		
countless	adj.	C1		
coup	n.	C1		
courtesy	n.	C1		
craft	v.	C1		
crawl	v.	C1		
creator	n.	C1		
credibility	n.	C1		
credible	adj.	C1		
creep	v.	C1		
critique	n.	C1		
crown	n.	C1		
crude	adj.	C1		
crush	v.	C1		
crystal	n.	C1		
cult	n., adj.	C1		
cultivate	v.	C1		
curiosity	n.	C1		
custody	n.	C1		
cutting	n.	C1		
cynical	adj.	C1		
dam	n.	C1		
damaging	adj.	C1		
dawn	n.	C1		
debris	n.	C1		
debut	n.	C1		
decision-making	n.	C1		
decisive	adj.	C1		
declaration	n.	C1		
dedicated	adj.	C1		
dedication	n.	C1		
deed	n.	C1		
deem	v.	C1		
default	n.	C1		
defect	n.	C1		
defensive	adj.	C1		
deficiency	n.	C1		
deficit	n.	C1		
defy	v.	C1		
delegate	n.	C1		
delegation	n.	C1		
delicate	adj.	C1		
demon	n.	C1		
denial	n.	C1		
denounce	v.	C1		
dense	adj.	C1		
density	n.	C1		
dependence	n.	C1		
depict	v.	C1		
deploy	v.	C1		
deployment	n.	C1		
deprive	v.	C1		
deputy	n.	C1		
descend	v.	C1		
descent	n.	C1		
designate	v.	C1		
desirable	adj.	C1		
desktop	n.	C1		
destructive	adj.	C1		
detain	v.	C1		
detection	n.	C1		
detention	n.	C1		
deteriorate	v.	C1		
devastate	v.	C1		
devil	n.	C1		
devise	v.	C1		
diagnose	v.	C1		
diagnosis	n.	C1		
dictate	v.	C1		
dictator	n.	C1		
differentiate	v.	C1		
dignity	n.	C1		
dilemma	n.	C1		
dimension	n.	C1		
diminish	v.	C1		
dip	v.	C1		
diplomat	n.	C1		
diplomatic	n.	C1		
directory	n.	C1		
disastrous	adj.	C1		
discard	v.	C1		
discharge	v.	C1		
disclose	v.	C1		
disclosure	n.	C1		
discourse	n.	C1		
discretion	n.	C1		
discrimination	n.	C1		
dismissal	n.	C1		
displace	v.	C1		
disposal	n.	C1		
dispose	v.	C1		
dispute	n., v.	C1		
disrupt	v.	C1		
disruption	n.	C1		
dissolve	v.	C1		
distinction	n.	C1		
distinctive	adj.	C1		
distort	v.	C1		
distress	n., v.	C1		
disturbing	adj.	C1		
divert	v.	C1		
divine	adj.	C1		
doctrine	n.	C1		
documentation	n.	C1		
domain	n.	C1		
dominance	n.	C1		
donor	n.	C1		
dose	n.	C1		
drain	v.	C1		
drift	v.	C1		
driving	adj.	C1		
drown	v.	C1		
dual	adj.	C1		
dub	v.	C1		
dumb	adj.	C1		
duo	n.	C1		
dynamic	n.	C1		
earnings	n.	C1		
ease	n., v.	C1		
echo	v., n.	C1		
ecological	adj.	C1		
educator	n.	C1		
effectiveness	n.	C1		
efficiency	n.	C1		
ego	n.	C1		
elaborate	adj.	C1		
electoral	adj.	C1		
elevate	v.	C1		
eligible	adj.	C1		
elite	n.	C1		
embark	v.	C1		
embarrassment	n.	C1		
embassy	n.	C1		
embed	v.	C1		
embody	v.	C1		
emergence	n.	C1		
empirical	adj.	C1		
empower	v.	C1		
enact	v.	C1		
encompass	v.	C1		
encouragement	n.	C1		
encouraging	adj.	C1		
endeavor	n.	C1		
endless	adj.	C1		
endorse	v.	C1		
endorsement	n.	C1		
endure	v.	C1		
enforce	v.	C1		
enforcement	n.	C1		
engagement	n.	C1		
engaging	adj.	C1		
enrich	v.	C1		
enroll	v.	C1		
ensue	v.	C1		
enterprise	n.	C1		
enthusiast	n.	C1		
entitle	v.	C1		
entity	n.	C1		
epidemic	n.	C1		
equality	n.	C1		
equation	n.	C1		
erect	v.	C1		
escalate	v.	C1		
essence	n.	C1		
establishment	n.	C1		
eternal	adj.	C1		
evacuate	v.	C1		
evoke	v.	C1		
evolutionary	adj.	C1		
exaggerate	v.	C1		
excellence	n.	C1		
exceptional	adj.	C1		
excess	n., adj.	C1		
exclusion	n.	C1		
exclusive	adj.	C1		
exclusively	adv.	C1		
execute	v.	C1		
execution	n.	C1		
exert	v.	C1		
exile	n.	C1		
expenditure	n.	C1		
experimental	adj.	C1		
expire	v.	C1		
explicit	adj.	C1		
explicitly	adv.	C1		
exploitation	n.	C1		
explosive	adj., n.	C1		
extract	v.	C1		
extremist	n.	C1		
facilitate	v.	C1		
faction	n.	C1		
fade	v.	C1		
fairness	n.	C1		
fatal	adj.	C1		
fate	n.	C1		
favorable	adj.	C1		
feat	n.	C1		
felony	n.	C1		
feminist	adj., n.	C1		
fiber	n.	C1		
fierce	adj.	C1		
filmmaker	n.	C1		
filter	n., v.	C1		
fine	n., v.	C1		
firearm	n.	C1		
fiscal	adj.	C1		
fit	n.	C1		
flaw	n.	C1		
flawed	adj.	C1		
flee	v.	C1		
fleet	n.	C1		
flesh	n.	C1		
flexibility	n.	C1		
flourish	v.	C1		
fluid	n.	C1		
footage	n.	C1		
foreigner	n.	C1		
forge	v.	C1		
formula	n.	C1		
formulate	v.	C1		
forth	adv.	C1		
forthcoming	adj.	C1		
foster	v.	C1		
fragile	adj.	C1		
franchise	n.	C1		
frankly	adv.	C1		
freshman	n.	C1		
frustrated	adj.	C1		
frustrating	adj.	C1		
frustration	n.	C1		
functional	adj.	C1		
fundraising	n.	C1		
funeral	n.	C1		
gambling	n.	C1		
gathering	n.	C1		
gaze	n., v.	C1		
gear	n.	C1		
generic	adj.	C1		
genocide	n.	C1		
gig	n.	C1		
glance	n., v.	C1		
glimpse	n.	C1		
glorious	adj.	C1		
glory	n.	C1		
governance	n.	C1		
grace	n.	C1		
grasp	v.	C1		
grave	n.	C1	for dead person	
grave	adj.	C1	serious	
gravity	n.	C1		
grid	n.	C1		
grief	n.	C1		
grin	v., n.	C1		
grind	v.	C1		
grip	n., v.	C1		
gross	adj.	C1		
guerrilla	n.	C1		
guidance	n.	C1		
guilt	n.	C1		
gut	n.	C1		
hail	v.	C1		
halfway	adv.	C1		
halt	v., n.	C1		
handful	n.	C1		
handling	n.	C1		
handy	adj.	C1		
harassment	n.	C1		
hardware	n.	C1		
harmony	n.	C1		
harsh	adj.	C1		
harvest	n., v.	C1		
hatred	n.	C1		
haunt	v.	C1		
hazard	n.	C1		
heighten	v.	C1		
heritage	n.	C1		
hierarchy	n.	C1		
high-profile	adj.	C1		
hint	n., v.	C1		
homeland	n.	C1		
hook	v.	C1		
hopeful	adj.	C1		
horizon	n.	C1		
horn	n.	C1		
hostage	n.	C1		
hostile	adj.	C1		
hostility	n.	C1		
humanitarian	adj.	C1		
humanity	n.	C1		
humble	adj.	C1		
hydrogen	n.	C1		
identification	n.	C1		
ideological	adj.	C1		
ideology	n.	C1		
idiot	n.	C1		
ignorance	n.	C1		
imagery	n.	C1		
immense	adj.	C1		
imminent	adj.	C1		
implementation	n.	C1		
imprison	v.	C1		
inability	n.	C1		
inadequate	adj.	C1		
inappropriate	adj.	C1		
incarcerate	v.	C1		
incarceration	n.	C1		
incidence	n.	C1		
inclined	adj.	C1		
inclusion	n.	C1		
incur	v.	C1		
indicator	n.	C1		
indictment	n.	C1		
indigenous	adj.	C1		
induce	v.	C1		
indulge	v.	C1		
inequality	n.	C1		
infamous	adj.	C1		
infant	n.	C1		
infect	v.	C1		
inflict	v.	C1		
influential	adj.	C1		
inherent	adj.	C1		
inhibit	v.	C1		
initiate	v.	C1		
inject	v.	C1		
injection	n.	C1		
injustice	n.	C1		
inmate	n.	C1		
inquire	v.	C1		
insertion	n.	C1		
insider	n.	C1		
inspect	v.	C1		
inspection	n.	C1		
inspiration	n.	C1		
instinct	n.	C1		
institutional	adj.	C1		
instruct	v.	C1		
instrumental	adj.	C1		
insufficient	adj.	C1		
insult	n., v.	C1		
intact	adj.	C1		
intake	n.	C1		
integral	adj.	C1		
integrated	adj.	C1		
integration	n.	C1		
integrity	n.	C1		
intellectual	n.	C1		
intensify	v.	C1		
intensity	n.	C1		
intensive	adj.	C1		
intent	n.	C1		
interactive	adj.	C1		
interface	n.	C1		
interfere	v.	C1		
interference	n.	C1		
interim	adj.	C1		
interior	adj., n.	C1		
intermediate	adj.	C1		
intersection	n.	C1		
intervene	v.	C1		
intervention	n.	C1		
intimate	adj.	C1		
intriguing	adj.	C1		
inventory	n.	C1		
investigator	n.	C1		
invisible	adj.	C1		
invoke	v.	C1		
involvement	n.	C1		
ironic	adj.	C1		
ironically	adv.	C1		
irony	n.	C1		
irrelevant	adj.	C1		
isolation	n.	C1		
judicial	adj.	C1		
jurisdiction	n.	C1		
just	adj.	C1		
justification	n.	C1		
keen	adj.	C1		
kidnap	v.	C1		
kidney	n.	C1		
kingdom	n.	C1		
landlord	n.	C1		
landmark	n.	C1		
lap	n.	C1		
large-scale	adj.	C1		
laser	n.	C1		
latter	adj., n.	C1		
lawmaker	n.	C1		
lawn	n.	C1		
lawsuit	n.	C1		
layout	n.	C1		
leak	v., n.	C1		
leap	v., n.	C1		
legacy	n.	C1		
legendary	adj.	C1		
legislation	n.	C1		
legislative	adj.	C1		
legislature	n.	C1		
legitimate	adj.	C1		
lengthy	adj.	C1		
lesbian	adj.	C1		
lesser	adj.	C1		
lethal	adj.	C1		
liable	adj.	C1		
liberal	adj., n.	C1		
liberation	n.	C1		
liberty	n.	C1		
lifelong	adj.	C1		
likelihood	n.	C1		
limb	n.	C1		
linear	adj.	C1		
lineup	n.	C1		
linger	v.	C1		
listing	n.	C1		
liter	n.	C1		
literacy	n.	C1		
liver	n.	C1		
lobby	n., v.	C1		
log	n., v.	C1		
logic	n.	C1		
long-standing	adj.	C1		
longtime	adj.	C1		
loom	v.	C1		
loop	n.	C1		
loyalty	n.	C1		
machinery	n.	C1		
magical	adj.	C1		
magnetic	adj.	C1		
magnificent	adj.	C1		
magnitude	n.	C1		
mainland	n.	C1		
mainstream	n., adj.	C1		
maintenance	n.	C1		
mandate	n.	C1		
mandatory	adj.	C1		
manifest	v.	C1		
manipulate	v.	C1		
manipulation	n.	C1		
manuscript	n.	C1		
march	n., v.	C1		
marginal	adj.	C1		
marine	adj.	C1		
marketplace	n.	C1		
mask	n.	C1		
massacre	n.	C1		
mathematical	adj.	C1		
mature	adj., v.	C1		
maximize	v.	C1		
meaningful	adj.	C1		
meantime	n.	C1		
medieval	adj.	C1		
meditation	n.	C1		
melody	n.	C1		
memo	n.	C1		
memoir	n.	C1		
memorial	n.	C1		
mentor	n.	C1		
merchant	n.	C1		
mercy	n.	C1		
mere	adj.	C1		
merely	adv.	C1		
merge	v.	C1		
merger	n.	C1		
merit	n.	C1		
methodology	n.	C1		
midst	n.	C1		
migration	n.	C1		
militant	n., adj.	C1		
militia	n.	C1		
mill	n.	C1		
minimal	adj.	C1		
minimize	v.	C1		
mining	n.	C1		
ministry	n.	C1		
minute	adj.	C1		2
miracle	n.	C1		
misery	n.	C1		
misleading	adj.	C1		
missile	n.	C1		
mob	n.	C1		
mobile	adj.	C1		
mobility	n.	C1		
mobilize	v.	C1		
moderate	adj.	C1		
modification	n.	C1		
module	n.	C1		
momentum	n.	C1		
monk	n.	C1		
monopoly	n.	C1		
morality	n.	C1		
motive	n.	C1		
municipal	adj.	C1		
mutual	adj.	C1		
namely	adv.	C1		
nationwide	adj.	C1		
naval	adj.	C1		
neglect	v.	C1		
neighboring	adj.	C1		
nest	n.	C1		
net	adj.	C1		
newsletter	n.	C1		
niche	n.	C1		
noble	adj.	C1		
nod	v.	C1		
nominate	v.	C1		
nomination	n.	C1		
nominee	n.	C1		
nonetheless	adv.	C1		
nonprofit	adj.	C1		
nonsense	n.	C1		
noon	n.	C1		
notable	adj.	C1		
notably	adv.	C1		
notify	v.	C1		
notorious	adj.	C1		
novel	adj.	C1		
nursery	n.	C1		
objection	n.	C1		
oblige	v.	C1		
obsess	v.	C1		
obsession	n.	C1		
occasional	adj.	C1		
occurrence	n.	C1		
odds	n.	C1		
offering	n.	C1		
offspring	n.	C1		
operational	adj.	C1		
opt	v.	C1		
optical	adj.	C1		
optimism	n.	C1		
oral	adj.	C1		
organizational	adj.	C1		
orientation	n.	C1		
originate	v.	C1		
outbreak	n.	C1		
outing	n.	C1		
outlet	n.	C1		
outlook	n.	C1		
outrage	n., v.	C1		
outsider	n.	C1		
overlook	v.	C1		
overly	adv.	C1		
oversee	v.	C1		
overturn	v.	C1		
overwhelm	v.	C1		
overwhelming	adj.	C1		
pad	n.	C1		
parameter	n.	C1		
parental	adj.	C1		
parliament	n.	C1		
partial	adj.	C1		
partially	adv.	C1		
passing	n.	C1		
passive	adj.	C1		
pastor	n.	C1		
patent	n.	C1		
pathway	n.	C1		
patrol	n., v.	C1		
patron	n.	C1		
peak	n.	C1		
peasant	n.	C1		
peculiar	adj.	C1		
pension	n.	C1		1
persist	v.	C1		
persistent	adj.	C1		
personnel	n.	C1		
petition	n.	C1		
philosopher	n.	C1		
philosophical	adj.	C1		
pioneer	n., v.	C1		
pipeline	n.	C1		
pirate	n.	C1		
pit	n.	C1		
plea	n.	C1		
plead	v.	C1		
pledge	v., n.	C1		
plug	v., n.	C1		
plunge	v.	C1		
pole	n.	C1		
poll	n.	C1		
pond	n.	C1		
pop	v.	C1		
portfolio	n.	C1		
portray	v.	C1		
postpone	v.	C1		
postwar	adj.	C1		
practitioner	n.	C1		
preach	v.	C1		
precedent	n.	C1		
precision	n.	C1		
predator	n.	C1		
predecessor	n.	C1		
predominantly	adv.	C1		
pregnancy	n.	C1		
prejudice	n.	C1		
preliminary	adj.	C1		
premier	n.	C1		
premise	n.	C1		
premium	n.	C1		
prescribe	v.	C1		
prescription	n.	C1		
presently	adv.	C1		
preservation	n.	C1		
preside	v.	C1		
presidency	n.	C1		
prestigious	adj.	C1		
presumably	adv.	C1		
presume	v.	C1		
prevail	v.	C1		
prevalence	n.	C1		
prevention	n.	C1		
prey	n.	C1		
privatization	n.	C1		
privilege	n.	C1		
probe	n., v.	C1		
problematic	adj.	C1		
proceeding	n.	C1		
proceeds	n.	C1		
processing	n.	C1		
processor	n.	C1		
proclaim	v.	C1		
productive	adj.	C1		
productivity	n.	C1		
profitable	adj.	C1		
profound	adj.	C1		
projection	n.	C1		
prominent	adj.	C1		
pronounced	adj.	C1		
propaganda	n.	C1		
proposition	n.	C1		
prosecute	v.	C1		
prosecution	n.	C1		
prosecutor	n.	C1		
prospective	adj.	C1		
prosperity	n.	C1		
protective	adj.	C1		
protocol	n.	C1		
province	n.	C1		
provincial	adj.	C1		
provision	n.	C1		
provoke	v.	C1		
psychiatric	adj.	C1		
pulse	n.	C1		
pump	v., n.	C1		
punch	n., v.	C1		
query	n.	C1		
quest	n.	C1		
quota	n.	C1		
radar	n.	C1		
radical	adj.	C1		
rage	n.	C1		
raid	n., v.	C1		
rally	n., v.	C1		
ranking	n.	C1		
rape	n., v.	C1		
ratio	n.	C1		
rational	adj.	C1		
ray	n.	C1		
readily	adv.	C1		
realization	n.	C1		
realm	n.	C1		
rear	adj., n.	C1		
reasoning	n.	C1		
reassure	v.	C1		
rebel	n.	C1		
rebellion	n.	C1		
recipient	n.	C1		
reconstruction	n.	C1		
recount	v.	C1		1
recruitment	n.	C1		
referendum	n.	C1		
reflection	n.	C1		
reform	n., v.	C1		
refuge	n.	C1		
refusal	n.	C1		
regain	v.	C1		
regardless	adv.	C1		
regime	n.	C1		
regulator	n.	C1		
regulatory	adj.	C1		
rehabilitation	n.	C1		
reign	n., v.	C1		
rejection	n.	C1		
relevance	n.	C1		
reliability	n.	C1		
reluctant	adj.	C1		
remainder	n.	C1		
remains	n.	C1		
remedy	n.	C1		
reminder	n.	C1		
removal	n.	C1		
render	v.	C1		
renew	v.	C1		
renowned	adj.	C1		
replacement	n.	C1		
reportedly	adv.	C1		
representation	n.	C1		
reproduce	v.	C1		
reproduction	n.	C1		
republic	n.	C1		
resemble	v.	C1		
reside	v.	C1		
residence	n.	C1		
residential	adj.	C1		
residue	n.	C1		
resignation	n.	C1		
resistance	n.	C1		
respective	adj.	C1		
respectively	adv.	C1		
restoration	n.	C1		
restraint	n.	C1		
resume	v.	C1		
retreat	n., v.	C1		
retrieve	v.	C1		
revelation	n.	C1		
revenge	n.	C1		
reverse	v., n., adj.	C1		
revival	n.	C1		
revive	v.	C1		
revolutionary	adj.	C1		
rhetoric	n.	C1		
rifle	n.	C1		
riot	n.	C1		
rip	v.	C1		
ritual	n.	C1		
robust	adj.	C1		
rock	v.	C1		
rod	n.	C1		
rookie	n.	C1		
roster	n.	C1		
rotate	v.	C1		
rotation	n.	C1		
ruling	n.	C1		
rumor	n.	C1		
sacred	adj.	C1		
sacrifice	n., v.	C1		
saint	n.	C1		
sake	n.	C1		
sanction	n.	C1		
say	n.	C1		
scattered	adj.	C1		
scope	n.	C1		
screw	v., n.	C1		
scrutiny	n.	C1		
seal	v., n.	C1		
secondly	adv.	C1		
secular	adj.	C1		
seemingly	adv.	C1		
segment	n.	C1		
seize	v.	C1		
sensation	n.	C1		
sensitivity	n.	C1		
sentiment	n.	C1		
separation	n.	C1		
serial	adj.	C1		
settlement	n.	C1		
setup	n.	C1		
sexuality	n.	C1		
shareholder	n.	C1		
shatter	v.	C1		
shed	v.	C1		
sheer	adj.	C1		
shipping	n.	C1		
shoot	n.	C1		
shrink	v.	C1		
shrug	v.	C1		
sigh	v., n.	C1		
simulate	v.	C1		
simulation	n.	C1		
simultaneously	adv.	C1		
sin	n.	C1		
situated	adj.	C1		
skeptical	adj.	C1		
sketch	n.	C1		
skip	v.	C1		
slam	v.	C1		
slap	v.	C1		
slash	v.	C1		
slavery	n.	C1		
slot	n.	C1		
smash	v.	C1		
snap	v.	C1		
soak	v.	C1		
soar	v.	C1		
socialist	adj.	C1		
sole	adj.	C1		
solely	adv.	C1		
solidarity	n.	C1		
solo	adj., n.	C1		
sophomore	n.	C1		
sound	adj.	C1		
sovereignty	n.	C1		
spam	n.	C1		
span	v., n.	C1		
spare	v.	C1		
spark	v.	C1		
specialized	adj.	C1		
specification	n.	C1		
specimen	n.	C1		
spectacle	n.	C1		
spectrum	n.	C1		
spell	n.	C1		
sphere	n.	C1		
spin	v., n.	C1		
spine	n.	C1		
spotlight	n.	C1		
spouse	n.	C1		
spy	n., v.	C1		
squad	n.	C1		
squeeze	v.	C1		
stab	v.	C1		
stability	n.	C1		
stabilize	v.	C1		
stake	n.	C1		
standing	adj.	C1		
stark	adj.	C1		
statistical	adj.	C1		
steer	v.	C1		
stem	n., v.	C1		
stereotype	n.	C1		
stimulus	n.	C1		
stir	v.	C1		
storage	n.	C1		
straightforward	adj.	C1		
strain	n.	C1		
strand	n.	C1		
strategic	adj.	C1		
striking	adj.	C1		
strip	n.	C1	long narrow piece	
strip	v.	C1	remove clothes/a layer	
strive	v.	C1		
structural	adj.	C1		
stumble	v.	C1		
stun	v.	C1		
submission	n.	C1		
subscriber	n.	C1		
subscription	n.	C1		
subsidy	n.	C1		
substantial	adj.	C1		
substantially	adv.	C1		
substitute	n., v.	C1		
substitution	n.	C1		
subtle	adj.	C1		
suburban	adj.	C1		
succession	n.	C1		
successive	adj.	C1		
successor	n.	C1		
suck	v.	C1		
sue	v.	C1		
suicide	n.	C1		
suite	n.	C1		
summit	n.	C1		
superb	adj.	C1		
superintendent	n.	C1		
superior	adj.	C1		
supervise	v.	C1		
supervision	n.	C1		
supervisor	n.	C1		
supplement	n., v.	C1		
supportive	adj.	C1		
supposedly	adv.	C1		
suppress	v.	C1		
supreme	adj.	C1		
surge	n., v.	C1		
surgical	adj.	C1		
surplus	n.	C1		
surrender	v.	C1		
surveillance	n.	C1		
suspension	n.	C1		
suspicion	n.	C1		
suspicious	adj.	C1		
sustain	v.	C1		
swing	v., n.	C1		
sword	n.	C1		
symbolic	adj.	C1		
syndrome	n.	C1		
synthesis	n.	C1		
systematic	adj.	C1		
tackle	n.	C1		
tactic	n.	C1		
tactical	adj.	C1		
taxpayer	n.	C1		
tempt	v.	C1		
tenant	n.	C1		
tender	adj.	C1		
tenure	n.	C1		
terminal	adj.	C1		
terminate	v.	C1		
terrain	n.	C1		
terrific	adj.	C1		
testify	v.	C1		
testimony	n.	C1		
texture	n.	C1		
thankfully	adv.	C1		
theatrical	adj.	C1		
theology	n.	C1		
theoretical	adj.	C1		
thereafter	adv.	C1		
thereby	adv.	C1		
thought-provoking	adj.	C1		
thoughtful	adj.	C1		
thread	n.	C1		
threshold	n.	C1		
thrilled	adj.	C1		
thrive	v.	C1		
tide	n.	C1		
tighten	v.	C1		
timber	n.	C1		
timely	adj.	C1		
tobacco	n.	C1		
tolerance	n.	C1		
tolerate	v.	C1		
toll	n.	C1		
top	v.	C1		
torture	n., v.	C1		
toss	v.	C1		
total	v.	C1		
toxic	adj.	C1		
trace	n.	C1		
trademark	n.	C1		
trail	n., v.	C1		
trailer	n.	C1		
transaction	n.	C1		
transcript	n.	C1		
transformation	n.	C1		
transit	n.	C1		
transmission	n.	C1		
transparency	n.	C1		
transparent	adj.	C1		
trauma	n.	C1		
treaty	n.	C1		
tremendous	adj.	C1		
tribal	adj.	C1		
tribute	n.	C1		
trigger	n.	C1		
trio	n.	C1		
triumph	n.	C1		
trophy	n.	C1		
troubled	adj.	C1		
trustee	n.	C1		
tuition	n.	C1		
tumor	n.	C1		
turnout	n.	C1		
turnover	n.	C1		
twist	v., n.	C1		
unconstitutional	adj.	C1		
undergraduate	n.	C1		
underlying	adj.	C1		
undermine	v.	C1		
undoubtedly	adv.	C1		
unify	v.	C1		
unprecedented	adj.	C1		
unveil	v.	C1		
upcoming	adj.	C1		
upgrade	v., n.	C1		
uphold	v.	C1		
utility	n.	C1		
utilize	v.	C1		
utterly	adv.	C1		
vacuum	n.	C1		
vague	adj.	C1		
validity	n.	C1		
vanish	v.	C1		
variable	n., adj.	C1		
varied	adj.	C1		
vein	n.	C1		
venture	n., v.	C1		
verbal	adj.	C1		
verdict	n.	C1		
verify	v.	C1		
verse	n.	C1		
versus	conj.	C1		
vessel	n.	C1		
veteran	n.	C1		
viable	adj.	C1		
vibrant	adj.	C1		
vice	n.	C1		
vicious	adj.	C1		
violate	v.	C1		
violation	n.	C1		
virtue	n.	C1		
vocal	adj.	C1		
vow	v.	C1		
vulnerability	n.	C1		
vulnerable	adj.	C1		
ward	n.	C1		
warehouse	n.	C1		
warfare	n.	C1		
warrant	n., v.	C1		
warrior	n.	C1		
weaken	v.	C1		
weave	v.	C1		
weed	n.	C1		
well	n.	C1		
well-being	n.	C1		
whatsoever	adv.	C1		
whereby	adv.	C1		
whip	v.	C1		
wholly	adv.	C1		
widen	v.	C1		
widow	n.	C1		
width	n.	C1		
willingness	n.	C1		
wipe	v.	C1		
wit	n.	C1		
withdrawal	n.	C1		
workout	n.	C1		
worship	n., v.	C1		
worthwhile	adj.	C1		
worthy	adj.	C1		
yell	v.	C1		
yield	n., v.	C1		
